question_number,question,option_a,option_b,option_c,option_d,correct_answer,explanation
1,在大部分的一般保單當中被視為除外責任的基本風險包括戰爭及:,地震風險,飓風風險,核風險,水災風險,C,在大部分的壹般保單當中被視為除外責任的基本風險包括戰爭及核風險。
2,"戰爭風險及核風險是標準除外責任,以下哪項描述是正確的?",基本風險一般是不可保的,基本風險在給付額外保險費後是可保的,基本風險在「全險」的保障中是受到保障的,以上所有各項,A,"戰爭風險及核風險是標準除外責任,一般都不可保。"
3,“全險”保單不大可能保障以下哪項成因所導致的損失或損害?,遭一名持械盜賊偷竊,手錶因跌入海中所造成手錶內部的損害,因濕度持續高企造成手錶內部的損害,以上各項皆是,C,"只要不在除外責任之列,任何可能的風險所引致的損失或損害都受到全險保單承保。索償人只須證明 發生了意外的損失,而不必指出它的具體原因。因濕度持續高企造成手錶內部的損害不是意外損失。"
4,"財產保險保障範圍分兩類,分別是「指明危險」和:",全險,單一危險方式,特定危險,特定壽險,A,"財產保險保障範圍分兩類,分別是「全險」和「指明危險」。"
5,只對火災、閃電及家用氣體爆炸造成的損害提供保障的保險比較可能是:,全險,第三者保險,除外危險,指明危險,D,"指明危險(或指名危險)的意思是指,若要構成保單責任,發生了的損失或損害必須由保單所指明的某種危險(即損失的原因或成因)作為近因而引起的,比如火險保單中指明的閃電。"
6,"財產保險保障範圍分兩類,分別是「全險」和: 章節 1",特定壽險,特定危險,指明危險,指明壽險,C,"財產保險保障範圍分兩類,分別是「全險」和「指明危險」。"
7,"一般保險中,健康保險通常會歸類於:",責任保險,人身保險,財產保險,經濟權益保險,B,"「人身保險」的標的是人的生命、肢體或健康,或醫療費用。"
8,一般保險的保障範圍包括:,財產保險,責任保險,人身保險,以上各項皆是,D,"壹般保險的保障範圍包括:人身保險,財產保險,經濟權益保險及責任保險。"
9,"在「折扣回減機制」,不會因一次索償而導致所有折扣取消,適用於:",私家車保險,商用車輛保險,電單車保險,汽車租賃買賣的保險,A,"對私家車而言,無索償折扣以所謂「折扣回減機制」運作——壹次索償不壹定會撤銷來年的折扣。"
10,「使若干條款無效及有權追回款項條款」適用於:,只在特別條款(例如額外保費)生效時,在強制性條款凌駕於保單條款時,意外中只有被保人的汽車遭損毀,只由第三者引起的損毀,B,"在某些情形下,即使被保險人違反了保單條款,強制保險的相關規定仍不容許保險人拒絕向第三者賠償死亡或受傷的損失。"
11,"汽車保險無索償折扣機制下,當無索償折扣已積累到一個高的水平時,發生一次索償不會清除下年度的無索償折扣。這種制度稱為:",平均機制,折扣回減機制,不能作廢保單條款,無索償折扣回扣計劃,B,"對私家車而言,無索償折扣以所謂「折扣回減機制」運作——壹次索償不壹定會撤銷來年的折扣。"
12,"保險業中車輛分為不同類別,以下哪類不是通常分類?",的士,私家車,電單車,商用車輛,A,汽車保險有三個主要類別:私家車、電單車和商用車輛。
13,下列哪項不大可能出現於大部分汽車保險保單的除外責任?,戰爭及核風險,合約上的責任,屬於社交、娛樂及消閑用途,未經批準的車輛用途,C,共同除外責任包括:未能依照受保汽車使用限制的規定使用受保汽車、戰爭及核風險、合約附加的責任等。
14,你預期以下哪項不屬於本港所簽發的無擴展汽車保單的除外責任?,財物損毀責任,發生在保險人指定保障區範圍以外的意外,被保險汽車的首一千元損毀,以上所有各項,A,"保險人可以就被保險人的汽車提供財產保險。共同除外責任包括在指明的受保地理區域之外發生的意外事故。根據保單訂明的自負額,每次損失中的該金額或以下的金額是不受保的。"
15,汽車保險怎樣釐定保費?,車輛的用途,引擎的立方容量,被保人對其車輛的估計價值,上述各項都是,D,所有各項都是釐定保費的共同因素。
16,您認為以下哪一種不屬於保險人釐定綜合私家汽車保險單保費的考慮因素?,被保險人對車輛的估計價值,保障範圍,被保險人的性別,被保險車輛的引擎容量,C,"釐定保費的共同因素不包括被保險人的性別,"
17,釐定保費?,車輛的用途(商用汽車),引擎的立方容量(私家車),被保人對其車輛的估計價值,上述各項都是,D,"所有各項都是釐定保費的共同因素,"
18,下列哪項有關標準自負額的陳述並不正確?,它們額外附加在任何自願性自負額上,這類自負額不容許提供保費扣減,適用於同一業務類別的所有保單,這類自負額容許提供一項標準保費的扣減,D,標準自負額的其中壹個特點是它們不會降低保費。
19,"有一種由被保險人要求的汽車保險保單自負額,通常是為了換取保單的折扣, 這種自負額稱為:",標準自負額,自願性自負額,承保自負額,非強制性自負額,B,"自願性自負額是被保險人為了換取保費折扣而自己要求的,"
20,以下哪項有關免賠額的描述是正確的?,它是可與「自負額」互換的,免賠額金額通常低於自負額,它們隱含於合約中,以上各項皆是,A,"自負額(也稱免賠額)是指壹項訂明的金額,每次損失中的該金額或以下的金額是不受保的。"
21,"所謂「折扣回減機制」,對下列哪項車輛最為適合?",電單車,商用車輛,私家車,以上各項皆是,C,"對私家車而言,無索償折扣以所謂「折扣回減機制」運作——壹次索償不壹定會撤銷來年的折扣。對其他種類的汽車而言,壹次索償已足以撤銷來年的無索償折扣,必須在新的壹年內沒有提出過索償 方可重新獲得最低的折扣率。"
22,以下哪項不屬於汽車保險的主要類別?,商用車輛,私家車,的士,電單車,C,汽車保險的三個主要類別:私家車、電單車和商用車輛。
23,"我們常提及保險人承保的「第三者」責任保險,以下哪三項是正確的? (i) 它較強制性的「第三者」責任保險保障廣泛 (ii) 它與強制性的「第三者」責任保險不同 (iii) 它包括財產損害保障 (iv) 它並不包括第三者財產保障",(i)、(ii)及(iii),(i)、(ii)及(iv),(i)、(iii)及(iv),(ii)、(iii)及(iv),A,"「第三者」汽車保險單除了承保死亡和傷害的法律責任以外,還承保對第三者造成財產損害的法律責任。"
24,"有些保險向往來沒有提出索償的客戶提供保費折扣,以下哪項或哪些是對有關 制度的描述是正確的? (i)這稱為「無索償折扣」 (ii) 對私家車而言,折扣的百份率是很高的 (iii)全年沒有提供索償的後果是下一年會有保費折扣 (iv) 全年沒有提出索償的後果是退還該年度的保費",只有(i),只有(ii)及(iii),(i)、(ii)及(iii),(i)、(ii)、(iii)及(iv),C,"汽車保險有壹個非常重要,也幾乎是最為獨特的特征,就是如果被保險人在剛過去的保單年度中沒有任何索償,那麼保險人便會對續保年保費給予稱為無索償折扣的累進折扣。就私家車而言,第壹年的無索償記錄能得到百分之二十的無索償折扣(NCD),第二年將為百分之三十,依次類推,而五年的無索償記錄將無索償折扣累進到百分之六十的最高比率。對於其他類別的汽車,折扣相當可能從百分之十開始,最高提升到百分之三十。"
25,"在私家車的保險中,「折扣回減機制」意思是:","若索償與第三者有關,折扣將不會回減",每次索償會將所有折扣取消,每次索償會將折扣回減 30%,每次索償會將折扣回減 10%,C,"對私家車而言,無索償折扣以所謂「折扣回減機制」運作壹次索償不壹定會撤銷來年的折扣。如果在某個保單年度中所享用的折扣屬於四年的相應折扣率(即50%),而當年發生了壹次索償,那麼續保時的折扣率便會被調低至20%。"
26,"無索償折扣會應用於私家車的保險中,當私家車得到最高的無索償折扣時,不會因一次意外索償而完全取消所有折扣。這種運作稱為:",無索償折扣扣減機制,平均機制,折扣回減機制,不能作廢保單條款,C,"對私家車而言,無索償折扣以所謂「折扣回減機制」運作———壹次索償不壹定會撤銷來年的折扣。如果 在某個保單年度中所享用的折扣屬於四年的相應折扣率(即50%),而當年發生了壹次索償,那麼續保 時的折扣率便會被調低至20%。"
27,"在汽車保險中,何時可取得無索償折扣?",以往無任何索償紀錄,於來年度並無索償紀錄,於上一年並無任何索償紀錄,以上所有各項,C,"如果被保險人在過去的保單年度中沒有任何索償,那麼保險人便會對續保年保費給予稱為無索償折扣的累進折扣。"
28,"本港汽車保險的慣例中,保險人採用的無索償折扣提供最高的折扣率予:",所有類別的車輛,私家車,電單車,商用車輛,B,"就私家車而言,第壹年的無索償記錄能得到百分之二十的無索償折扣(NCD),第二年將為百分之三十,依次類推,而五年的無索償記錄將無索償折扣累進到百分之六十的最高比率。對於其他類別的汽 車,折扣相當可能從百分之十開始,最高提升到百分之三十。"
29,"大部分汽車保險保單均有一項慣例,就是如果被保險人在過往一年沒有作出索賠,便可於來年續保時,獲取保費上的折扣。這種慣例的最正確名稱為:",無索償獎金,無索償折扣,無索償扣減額,無索償續保減免,B,"汽車保險有壹個非常重要,也幾乎是最為獨特的特征,就是如果被保險人在剛過去的保單年度中沒有任何索償,那麼保險人便會對續保年保費給予稱為無索償折扣的累進折扣。"
30,「法令」保險在香港汽車保險業界屬於:,保險人的汽車保險組合中的一個重要部分,"較昂貴,因此普遍程度較第三者保險為低","較便宜,因此普遍程度較汽車保險組合為高","在保險人的汽車保險業務中屬於沒有重要性,因為保障範圍狹窄,不能期望有人會買",D,"「法令」保險在保險人的汽車保險業務中沒有重要性,因為保障範圍狹窄,不能期望有人會買。"
31,強制性第三者責任是指:,第三者財產損害責任,第三者的死亡或身體受傷責任,第三者的財產損害責任及傷亡責任,十足的第三者財產損害及傷亡責任,B,條例中第三者風險僅指對死亡、受傷應負的法律責任。對第三者造成財產損害的法律責任不屬於強制保險的範圍。
32,以下哪項有關「法令」保險的描述是正確的?,保險人沒有宣傳「法令」保險,「法令」保險是僅僅符合法定最低要求的保險,"理論上,而非實際上,這是可以購買到的汽車保險中最便宜的一種",以上各項皆是,D,"所有各項陳述都是正確的,"
33,「使若干條款無效及有權追回款項」條款可於以下哪項情況下使用?,當強制保險的相關規定凌駕於保險條款之上,當只有被保險人的車輛受損的時候,意外中只有被保人的汽車遭損毀,只由第三者引起的損毀,A,"在某些情形下,即使被保險人違反了保單條款,強制保險的相關規定仍不容許保險人拒絕向第三者賠償死亡或受傷的損失。"
34,"在強制性汽車法例的「第三者」保單,與本港汽車保險人的第三者保單:",完全相同,均只是「法令」 保障責任,均可是「法令」與「綜合」,"完全不相同,後者是提供財產損毀及責任保障",D,"在強制性汽車法例的「第三者」保單,與本港汽車保險人的第三者保單完全不相同,後者是提供財產 損毀及責任保障。"
35,"在香港的汽車保險人所稱的第三者責任保險,保障範圍包括:",第三者的財產損失,對第三者造成的傷亡而已,對第三者造成的傷亡及受保人的車輛損壞,對第三者的受傷、死亡、以及第三者的財產損失,D,純第三者責任保險保障的保障範圍是任何受保駕駛者(或任何乘客)對第三者造成死亡、受傷或財產損害而應負的法律責任。
36,提供最狹窄保障範圍的汽車保險是:,「法令」保險,純第三者責任保險保障,綜合保險保障,第三者責任、火災及盜竊保險保障,A,提供最狹窄保障範圍的汽車保險是「法令」保險。
37,"若乘客在交通意外中受傷,以下哪項可為被保險人的責任提供保障?",綜合保險保障,「法令」保險,第三者責任、火災及盜竊保險保障,以上所有各項,D,這三種主要的汽車保險的保障範圍均包括任何受保駕駛者(或任何乘客)對第三者造成死亡、受傷或 財產損害而應負的法律責任。
38,"在道路意外中,被保險人的乘客遭受損傷,其醫療費用可能包括於下列哪項汽 車保險中?",法令保險,第三者責任、火災、盜竊保險保障,綜合保險保障,以上所有各項,D,這三種主要的汽車保險的保障範圍均包括任何受保駕駛者(或任何乘客)對第三者造成死亡、受傷或財產損害而應負的法律責任。
39,"一輛汽車高速行駛時翻側,全車損壞。但並沒有造成任何生命損傷,請問以下哪類保單可獲賠償?",汽車綜合保單,第三者責任保險,第三者責任、火險、盜竊保險,以上所列各項,A,"市面上的汽車保險保障中,綜合保險保障是保障範圍最廣闊的壹種,包括了純第三者責任保險保障和第三者責任、火災及盜竊保險保障,而受保汽車的保險保障是「全險」的。"
40,下列哪項有關「法令」汽車保險的陳述是不正確的?,是可以買到的汽車保險中保障最狹窄的,只保障第三者的死亡或受傷的情況,"因為便宜,所以普遍",以上所有各項皆為正確,C,"純法令保險保障已經很難在市場上找到了,"
41,"以下哪項汽車保險單,保障範圍包括對受保車輛造成的損失及損壞? (i) 「法令」保險 (ii) 第三者責任保險保障 (iii) 第三者責任、火災及盜竊保險保障 (iv) 綜合保險保障",(i)及(ii),(i)及(iii),(ii)及(iii),(iii)及(iv),D,"第三者責任、火災及盜竊保險保障的保障範圍包括受保汽車遭受由火災或盜竊引起的損失或損害的財產保險。市面上的汽車保險保障中,綜合保險保障是保障範圍最廣闊的壹種,受保汽車的保險保障是「全險」的。"
42,一般保險的保障範圍包括:,財產保險,長期人身保險,投資相連保險,以上各項皆是,A,"壹般保險的保障範圍包括:人身保險,財產保險,經濟權益保險及責任保險。"
43,"以下哪項汽車保險形式,只保障法律所要求的責任?",「法令」,第三者責任,綜合責任,第三者責任、火災、盜竊,A,「法令」保險只保障法律所要求的責任，
44,以下哪項不大可能涉及在汽車保險保單中的「使若干條款無效及有權追回款項 條款」?,未能在合理時間內報告受傷行人,未能在合理時間內報告受保損壞車輛,在意外事發向受傷行人承認法律責任,以上各項皆是,B,"最常見的情形是,被保險人未能向保險人作出意外報告,或被保險人在沒有預先取得保險人的書面同意以前向第三者承認法律責任。"
45,"在強制性汽車傷亡責任,最低要求的保險金額為:",一百萬,一億,沒有上限,不受限制,B,"對於第三者的死亡和受傷的法律責任,最低要求的保險金額是每次事故壹億港元。"
46,「使若干條款無效及有權追回款項條款」 可於以下哪項情況下使用?,當強制性條款凌駕於保險條款之上,當只有被保險人的車輛受損的時候,當涉及第三者財產損毀的時候,以上所有各項,A,"在某些情形下,即使被保險人違反了保單條款,強制保險的相關規定仍不容許保險人拒絕向第三者賠償死亡或受傷的損失。"
47,以下哪項相當可能不涉及「使若干條款無效及有權追回款項」條款?,未有於合適時間內報告行人受傷,未有於合適時間內報告受保汽車的失竊,於事發現場向受傷行人承認責任,鼓勵受傷行人提出申索而違反保單條款,B,"最常見的情形是,被保險人未能向保險人作出意外報告,或被保險人在沒有預先取得保險人的書面同意以前向第三者承認法律責任。在這些情況下,如果被保險人須負上第三者責任,儘管被保險人違反了保單條款,保險人仍須向第三者作出賠償。"
48,汽車保險中「附加的」自負額是指?,"有關強制性的保險,按法律要求而必需的",適用於指定業務範圍內的所有保單,因應特別投保條件的承保目的而適用的,被保險人為得到保費折扣而自顧選擇的,C,汽車保險中「附加的」自負額是指因應特別投保條件的承保目的而適用的。
49,為什麼強制汽車保險要求對於普通私人汽車所有者是重要的?,保護他們的汽車免受損失,保護他們免受交通事故的法律責任,減少汽車保養成本,提供額外的汽車性能保護,B,"強制汽車保險要求確保私人汽車所有者在發生交通事故時能夠負擔相關的法律責任和賠償,從而保護他們免受法律制裁。"
50,哪些情況不需要符合強制汽車保險要求?,政府機關使用的汽車,"已向庫務署署長繳存2,000,000港元的人擁有的汽車",所有在香港使用的汽車都需要符合要求,私人使用的汽車,B,"屬於政府財產的汽車正由獲其授權的人使用,或由已向庫務署署長作出價值2,000,000港元的繳存的人所擁有的汽車正由該車主或該車主的僱員駕駛。"
51,為什麼在香港道路上使用汽車必須按照法定要求購買汽車責任保險?,保護汽車所有者的財產,防止交通事故的發生,遵守法律規定,提供汽車維修保養,C,"香港法律要求汽車所有者購買汽車責任保險,以確保他們遵守法律規定,並在發生交通事故時能夠負擔相關的責任和賠償。"
52,擴展汽車保險保單的保障範圍包括:,刪除保單某項除外責任,擴大受保司機人身意外保險的保障,擴大受保汽車修理期間的使用損失,包括以上各項,D,"可支付額外的保費從而擴大保險保障的範圍包括刪除保單的某項除外責任或增加保險利益項目,例如擴展人身意外保險保障,豁免第三者財產損害自付額等。"
53,以下哪項屬於私家車保險得到折扣的途徑?,自願性自負額,無索償折扣,汽車長期「停用」,以上所有各項,D,"除了無索償折扣和自願性自負額以外,用同壹份保單承保壹輛以上的汽車或「停用」(即暫時停止使用)受保汽車超過某壹段期間後,也可以獲得保費折扣。"
54,私家車的法律責任中法定保險的保障額是:,一億港元,一百萬港元,二百萬港元,以上沒有任何保障金額適用,A,"法定保險的保障通常是法定最低額,即每宗事故壹億港元。"
55,"在香港現時未擴展的汽車保險保障中,以下哪項是除外責任?",汽車冷卻器的損壞,汽車在維修過程中租用其他車輛的費用,汽車零件遭盜竊,汽車擋風玻璃遭撞擊而損壞,B,"綜合私家車保單保障的受保汽車的損失或損害部分設有特定的除外責任包括後果損失(比如,當受保汽車在意外發生後正在進行修理時,租用另壹輛汽車所需的費用。)"
56,"以下哪項損失及損毀的例子,可得到綜合私家車保單的保障?",更換破舊的通風管,更換破舊的電線的開支,被保險人的車輛的車胎被割損(沒有其他損毀),被保險人的車輛被盜賊偷去時損毀,D,"綜合私家車保單保障的受保汽車的損失或損害部分設有特定的除外責任,例如折舊、损耗,以及電氣或機械故障。所除外的壹般是損失或損害本身,而非由「折舊………………」引致的損失或損害,因此,如果 制動器的損耗引致汽車碰撞而被毀,僅是該制動器的損毀不獲賠償。"
57,以下哪項是不屬於香港汽車保單中造成「本身損失及損害」的保險範圍?,於碰撞中對汽車做成的損害,"對輪胎造成損毀,對汽車並未做成其他損害",汽車上的配件及備用,"除對輪胎造成損毀外,對汽車亦做成其他損害",B,"綜合私家車保單保障的受保汽車的損失或損害部分設有特定的除外責任,例如折舊、損耗,以及電氣或機械故障。所除外的壹般是損失或損害本身,而非由「折舊………………」引致的損失或損害,因此,如果制動器的損耗引致汽車碰撞而被毀,僅是該制動器的損毀不獲賠償。"
58,"一輛汽車高速行駛翻側,全車損壞。但沒有令到任何生命損傷,請問以下哪類保單可獲賠償?",綜合私家車保單,第三者責任保險保障,第三者責任、火險、及盜竊保險保障,以上所有各項,A,"綜合私家車保單的保障範圍包括受保汽車的損失或損害。這種「全險」範圍的財產保險,承保被保險人的汽車,及屬於該汽車並於遇事時在其上的配件及零件,並以該車遭受損失或損害時的合理市價為彌償上限。"
59,"汽車保險中,私家車用途是:",受保駕駛者視為陌生人的乘客,非為獎賞或租金而接載的乘客,為了租金而提供接載服務的乘客,會給予小費的乘客(如給予小費予的士司機),B,"私家車保險旨在承保不主要用於攜帶貨物的,而是用於被保險人的私人用途的,或並非為了出租或取酬而用作運載乘客的汽車。"
60,以下哪項不屬於主要的汽車類別?,商用車輛,私家車,出租汽車,電單車,C,汽車保險的主要類別包括私家車、電單車及商用車輛。
61,"電單車保單中,「本身損害或意外損害」保障的除外責任包括: (i)電單車部份配件因盜竊所招致的損失  (ii)因意外而引致的維修費 (iii)司機因投保車輛意外損毀而引致的醫療開支 (iv)自負額",只有(i),只有(iii),(i)及(ii),(i)、(iii)及(iv),D,#NAME?
62,以下哪項描述不屬於「電單車」保單的保障範圍?,電單車乘客在意外中身體受傷,受保電單車的任何損害(因火災或盜竊引起的除外),"只有當整輛電單車被盜竊,才能就盜竊而索償",為電單車乘客所付的醫療開支,D,承保醫療費用的標準保單部分及擴展人身意外保險保障並不存在。
63,電單車保險的保障範圍不包括:,司機的意外受傷,整部車輛被盜去,後座乘客在發生意外後的醫療費用,對乘客引致的受傷負責,C,承保醫療費用的標準保單部分及擴展人身意外保險保障並不存在。
64,"以下哪些適用於電單車保險? 章節 1 (i) 只有當整輛電單車被盜時,才能就盜竊而索償 (ii) 沒有提供醫療費用保障 (iii) 因火災或盜竊而導致的損失設有標準自負額 (iv) 最高的無索償折扣比私家車的為低",只有(i)和(ii),"(i), (ii)和(iv)","(ii), (iii), (iv)",以上皆是,B,"通常對受保電單車的任何損失或損害(因火災或盜竊引起的除外),都設有額標準自負額。"
65,以下哪項描述不屬於「電單車」保單的保障範圍?,電單車乘客在意外中身體受傷,當整輛電單車遭到偷竊,電單車的意外損毀,為電單車乘客所付的醫療開支,D,承保醫療費用的標準保單部分及擴展人身意外保險保障並不存在。
66,"車房及其他類似風險會有特別的需要,這包括:",賽車,速度測試,汽車行業風險,以上各項,C,"汽車行業風險是指車房及其他類似風險,只要其業務絕大程度上與汽車有關,就會有特別的保險需要。這類風險的保單,可能涉及在道路上使用汽車或處所上的風險,並提供多樣化的保險保障組合。"
67,"由於車房的業務絕大程度與汽車有關,而且有特別的需要,提供的保障亦有所 不同,這類保單稱為:",汽車行業風險,汽車責任限額,批發及貿易,第三者責任,A,"汽車行業風險是指車房及其他類似風險,只要其業務絕大程度上與汽車有關,就會有特別的保險需要。這類風險的保單,可能涉及在道路上使用汽車或處所上的風險,並提供多樣化的保險保障組合。"
68,所有類型的汽車保險保單(汽車行業除外)都有一些通用的除外責任。以下哪項屬於除外責任的範圍?,運送貨櫃或拖架工具的商用車輛,的士,機械挖土機,送遞薄餅的電單車,D,與食物中毒及相關的索償(如汽車被用作流動食物售賣處)屬於除外責任的範圍。
69,一些特別車輛(如救護車或鏟泥車)所購買的保險類別為:,汽車貿易,大型汽車,專門車輛,綜合,C,專門車輛是指有需要對面對不尋常的風險的汽車(例如救護車及殯儀車) 採用特別的條款。
70,"在香港,會把車輛用作「謀生工具」有關的車輛較可能出現於下列哪項商用車輛保險單中?",謀生工具,汽車貿易,專門車輛,綜合,C,"在香港,會把車輛用作「謀生工具」有關的車輛較可能出現專門車輛保險單中。"
71,"一部商用車輛如果同時使用於建築工程上,例如挖掘地洞,商用車輛保單可能在這段操作期間拒絕提供保障。這種除外責任稱為:",謀生工具條款,業務使用條款,工業行動條款,專業責任條款,A,"當汽車被用作謀生工具時(例如正在用作謀生工具的機械挖土機),這項除外責任條款稱為「謀生工具條款」。"
72,健康保險屬於下列哪項保險類別?,財產保險,人身保險,經濟權益保險,責任保險,B,"健康保險(或稱“意外及健康保險”)屬於「人身保險」,因為保險標的是人的生命、肢體或健康。"
73,人身意外保單:,只能由被保險人才可取消,"可能由保險人取消,但這種情況並不常見",只能由於被保險人的改變職業才可取消,不能於保單生效兩年後才取消,B,"人身意外保單壹般為期壹年,期滿後是否續保是個相互協議的問題。保單壹般包含註銷條款,允許單方面發出訂明通知以中止保單,保費可退。"
74,以下哪項或哪些很可能是人身意外保險的除外責任?,自殺,因愛滋病而死,受保人醉酒駕駛遭致死亡,以上各項皆是,D,"所有各項都是除外責任,"
75,"在人身意外保單,被保人的年齡:",在同一個保險年齡範圍內並不重要,直接影響每年保費,影響首年保費,是承保人考慮的最重要特點,A,"年齡限制:雖然保費並非根據受保人的年齡來釐定,但是保單通常指明可保年齡的範圍(例如從18歲到70歲就成人保險保障而言)。"
76,「人身意外」保險需要為下列哪項補償作出賠償?  i. 自殺 ii. 意外死亡 iii. 蓄意令自己受傷 iv. 爬山引致的傷亡,只有i,只有ii,"ii, iv","ii, iii, iv",B,自殺、蓄意令自己受傷及危險活動均屬除外責任。
77,以下哪項或哪些是人身意外保險保單的醫療費用保障正確的陳述?,所提供的保險保障並無限額,保險保障不適用於常用保單的除外責任,費用必須由意外傷害導致,以上各項皆是,C,"可獲償付的醫療費用必須由「身體受傷」而非疾病導致,並受每宗事故賠償限額限制。"
78,"在人身意外的保單中,每周利益最可能在以下哪項情況下發放?",死亡,醫療費用,永久傷殘,部分傷殘,D,按周計算的利益是針對暫時完全殘疾(傷殘程度達100%者為之「完全殘疾」)或暫時部分殘疾(傷殘程度低於100%)的定期付款。
79,以下哪項對人身意外保險的整付利益的描述是正確的? i. 利益是按「主要保額」的百分比來表示 ii. 死亡或主要受傷均可取得百份之百的主要保額  iii. 多重受傷的總額可 取得多於百分之一百的賠償  iv. 對指明損傷及其有關的利益分配往往是在保單訂明的,"i, ii, iii","i, ii, iv","ii, iii, iv","i, ii, iii, iv",B,"整筆支付的利益的補償通常是按保單內某個指明金額(壹般稱為主要保額)的百分比來表示。死亡及永久殘疾(須符合有關定義)都會得到百分之百的保險金给付,而指定的主要損傷(比如喪失雙肢體和喪失全部視力等)的任何壹項均會得到百分之百的保險金給付。此外,對指明損傷及其有關的利益分配往往是在保單訂明的。"
80,"在人身意外及疾病保單中,以下哪一項不屬於保單中的保障範圍?",因意外導致死亡或受傷的整筆權益,由於暫時性的喪失能力而發放的每週利益,由於意外受傷入院而發放的每日醫療權益,因意外受傷而招致的醫療開支,C,"人身意外保險保障可以在三個主要項目之下加以描述,各項均以受保人遭受訂明身體受傷作為保單責任的先決條件:整筆支付的利益、按周計算的利益和醫療費用。"
81,以下哪項不是人身意外保險的慣常保障範圍?,意外受傷導致的醫療費用,任何原因死亡的整筆利益支付,暫時或永久喪失工作能力的每周利益支付,意外死亡或其他指明損傷的整筆利益支付,B,整筆支付的利益只適用於因意外事故導致死亡或其他指明損傷。
82,"人身意外保險屬於意外保險的首個主要類別,是因應早期以下哪項不斷上升的意外而發展?",汽車,鐵路,船隻,腳踏車,B,"人身意外保險屬於意外保險中首先面世的主要險種,它起源於早期鐵路上發生的意外個案不断上升所引發的保險需求。"
83,釐定意外保險保費的基本因素包括:,過往5年的意外數目,被保險人的居住地點,從死亡表中取得,被保險人的專業職業,D,"多種個別的特點(如年齡)可能會影響核保的結果,但根據被保險人的職業計算保費是標準的做法。"
84,人身意外保險的保障包括:,自殺,濫用藥物,被搶劫案中的劫匪所槍傷,上述所有各項,C,"違反社會原則的活動,例如自殺、蓄意令自己受傷、酗酒或濫藥(服用由合格醫生開的藥則屬例外)屬除外責任。"
85,"不論是獨立保單形式或是組合保單一部份的保障形式,在人身意外保險中,所包括的一般除外責任較可能包括:",自殺,故意傷害自己的身體,危險活動(例如:爬山),以上各項皆是,D,自殺、蓄意令自己受傷及危險活動均屬於除外責任。
86,「人身意外」保險需要在下列哪項或那些情況下作出賠償?  (i) 自殺 (ii) 意外死亡 (iii) 蓄意令自己受傷 (iv) 爬山引致的傷亡,只有(i),只有(ii),(ii)及(iv),(ii)、(iii)及(iv),B,自殺、蓄意令自己受傷及危險活動屬於除外責任。
87,人身意外保單的「意外身體受傷」的定義為:,意外及外在的原因引起的,暴力及可見的身體受傷,單獨及獨立於任何其他原因,符合以上各項的要求,D,意外的身體受傷的定義通常包括壹些如「由意外、外在的、暴力及明顯可見的原因引起的身體受傷」 等字句。習慣用語包括壹些如「單獨地及同任何其他原因無關地引致………………」的短句。
88,"標準的人身意外保單所提供保障的三大標題,包括整筆支付的利益、醫療費及:",每周利益,輔導服務,住院權益,意外中衣物損毀的財產保險,A,"標準的個人意外保單所提供保障的三大標題,包括整筆支付的利益、醫療費用及按周計算的利益。"
89,"人身意外保單中的每週權益,可以在下列哪個情況下提取?",喪失全部能力,喪失部分能力,意外受傷住院期間,以上所有各項,D,"按周計算的利益是針對暫時性喪失全部或部分能力的定期付款。金額按周計算,但通常在殘疾期間按月支付,並設最長付款期限(通常為壹百零四個星期)。"
90,以下哪項不是人身意外及疾病保險的慣常保障範圍?,意外受傷的醫療費用,意外死亡或其他指明損傷的整筆利益支付,暫時或永久喪失工作能力的每周利益支付,住院權益,D,"人身意外保險保障可以在三個主要項目之下加以描述,各項均以受保人遭受訂明身體受傷作為保單責任的先決條件:整筆支付的利益、按周計算的利益和醫療費用。"
91,"根據人身意外保險保單,每週利益通常以下列哪項情況發放?",死亡,暫時喪失能力,醫療開支,永久喪失能力,B,"按周計算的利益是針對暫時性喪失全部或部分能力的定期付款。金額按周計算,但通常在殘疾期間按 月支付,並設最長付款期限(通常為壹百零四個星期)。"
92,"醫療保險中,最有可能保障的範圍包括:",整容手術,例行身體檢查,矯正先天性殘疾,意外中受傷骨折,D,"醫療保險的目的,是要承保由意外事故或疾病引致的醫療費用。醫療保險的特殊除外責任包括先天性疾病;(保險生效前)已患的疾病及已存在的殘疾;生育控制/不育治療;整容手術;例行醫療檢查及身體檢查;及牙科治療(除非在保單期間內因意外事故而需進行)。"
93,"在香港,一份典型的醫療保險的除外責任不包括下列哪項?",令中年婦女「容貌煥然一新」的費用,矯正先天性缺陷的費用,醫療保險生效前殘疾的費用,因交通意外而導致面都受傷的牙科治療費用,D,醫療保險的特殊除外責任包括先天性疾病;(保險生效前)已患的疾病及已存在的殘疾;生育控制/不育治療;整容手術;例行醫療檢查及身體檢查;及牙科治療(除非在保單期間內因意外事故而需進行)。
94,醫療保險的保障範圍包括:,因意外導致的受傷而已,因疾病導致的受傷而已,因意外或疾病導致的受傷,以上所有皆不正確,C,"醫療保險的目的,是要承保由意外事故或疾病引致的醫療費用。"
95,"香港醫療保險機制下,包括以下哪些保障:",因病或意外導致入院,先天性疾病,"生育控制,節育的支出",非必需手術如整容,A,"人身意外保險的基本目的,是向因意外而死亡或受傷的被保險人給付利益;而醫療保險的目的,是要 承保由意外或疾病引致的醫療費用。"
96,"有意提供符合自願醫保規定的產品的保險公司,需要符合甚麼條件?","必須先成功註冊為自願醫保的產品提供者,並就有意推出的標準計劃及靈活計劃取得卫局的認可,方可將有關產品以認可產品的名義推出市場","必須先成功註冊為自願醫保的產品提供者,並就有意推出的標準計劃及靈活計劃取得保監局的認可,方可將有關產品以認可產品的名義推出市場","必須先成功註冊為自願醫保的產品提供者,並就有意推出的標準計劃及靈活計劃取得醫院管理局的認可,方可將有關產品以認可產品的名義推出市場","必須先成功註冊為自願醫保的產品提供者,並就有意推出的標準計劃及靈活計",A,"劃取得保險業聯會的認可,方可將有關產品以認可產品的名義推出市場 有意提供符合自願醫保規定的產品的保險公司,必須先成功註冊為自願醫保的產品提供者,並就有意推出的標準計劃及靈活計劃取得食衛局的認可,方可將有關產品以認可產品的名義推出市場。"
97,自願醫保的產品提供者需要遵守: I. 《自願醫保計劃下保險公司的註冊規則》 II. 《自願醫保計劃認可產品保單範本》 III. 《自願醫保計劃下產品的合規規則》 IV. 《自願醫保計劃銷售規則》,"I, II, III","I, II, IV","I, III, IV","II, III, IV",A,"食衛局制定了壹套闡述計劃規則的計劃文件,供自願醫保的產品提供者遵守: I. 《自願醫保計劃下保險公司的註冊規則》 II. 《自願醫保計劃認可產品保單範本》 III. 《自願醫保計劃下產品的合規規則》 IV. 《自願醫保計劃下保險公司的實務守則》"
98,自願醫保由哪個機構管理?,保監局下的自願醫保計劃辦事處負責管理,食衛局下的自願醫保計劃辦事處負責管理,保險業聯會下的自願醫保計劃辦事處負責管理,醫管局下的自願醫保計劃辦事處負責管理,B,自願醫保由食衛局下的自願醫保計劃辦事處負責管理。
99,自願醫保的扣稅限額是多少?,"每名受保人4,000元,但可申請扣滅的指明親屬人數不設上限","每名受保人8,000元,但可申請扣減的指明親屬人數不設上限","每名受保人4,000元,但可申請扣滅的指明親屬人最多只有4名","每名受保人8,000元,但可申請扣減的指明親屬人最多只有4名",B,"不論受保人獲多少張保單承保,每年扣減所涉的保費上限為每名受保人8,000元,但可申請扣減的指明 親屬人數不設上限。"
100,"投購自願醫保計劃的稅務優惠可以用作稅務扣減,陳先生為以下哪些人士投保可以獲得扣減? I. 前妻子 II. 妻子的祖父母 III. 妻子的兄弟 IV. 私生子","I, II","I, IV","II, III, IV","I, II, III, IV",C,"投購自願醫保計劃的稅務優惠適用於為指明親屬投保,包括以下人士: I. 配偶 II. 子女 III. 納稅人或其配偶的祖父母,外祖父母,父母,兄弟姊妹"
101,"投購自願醫保計劃的稅務優惠可以用作稅務扣減,陳先生為以下哪些人士投保 可以獲得扣減?",只有配偶及子女,"只有配偶,父母以及子女",只有直系親屬,只有指明親屬,D,"投購自願醫保計劃的稅務優惠適用於為指明親屬投保,包括以下人士: 1. 配偶 II. 子女 III. 納稅人或其配偶的祖父母,外祖父母,父母,兄弟姊妹"
102,自願醫保的目標是:,令市民更容易獲得個人意外保險,令市民更容易獲得個人住院保險,市民更容易獲得個人醫療保險,令市民更容易獲得個人人壽保險,B,自願醫保的目標是令市民更容易獲得個人住院保險。
103,自願醫保計劃是否強制性參與?,"18歲以下以及65歲以上香港居民需要強制性參與,其他居民自願參與","18歲以下以及65歲以上香港居民可以自願參與,其他居民強制性參與","香港居民可以自願參與,外地來港勞工需要強制性參與","只有香港居民可以自願參與,外地勞工不能參與",D,"保險公司和消費者的參與均屬自願性質。自願醫保容許參與之保險公司推出經食衛局認可的個人償款住院保險產品(「認可產品」),以供消費者自願選購。自願醫保的受保人必須是年齡介乎15天至80歲的香港居民(包括香港身份證持有人)。"
104,自願醫保計劃主要規範:,個人意外保險產品,個人償款住院保險產品,個人住院保險利益,團體償款住院保險產品,B,自願醫保計劃主要規範個人償款住院保險產品。
105,在產品內加入「其他保障」成為認可產品的一部分的目的是?,顧及從事長期業務的保險公司必須在個人償款住院保險產品中提供長期保險保障,顧及從事一般業務的保險公司必須在個人償款住院保險產品中提供一般保險保障,顧及從事長期業務的保險公司必須在個人償款住院保險產品中提供一般保險障,顧及從事一般業務的保險公司必須在個人償款住院保險產品中提供長期保險保障,A,在產品內加入「其他保障」成為認可產品的壹部分的目的是顧及從事長期業務的保險公司必須在個人償款住院保險產品中提供長期保險保障。
106,標準計劃可以提供: I. 基本保障 II. 額外保障 III. 其他保障,I,"I, II","I, III","I, II, III",C,"標準計劃提供的條款及保障,必須等同自願醫保下認可產品的最低合規要求(如《保單範本》 中所訂明),即「基本保障」。 標準計劃和靈活計劃均可在「基本保障」和「額外保障」以外包括少量其他類型額外保障,簡稱「其他保障」。靈活計劃必須在「基本保障」的基礎上,提供「額外保障」。"
107,自願醫保的產品可以分為: I. 標準計劃 II. 非標準計劃 III. 強制性計劃 IV. 靈活計劃,"I, II","I, III","I, IV","II, III, IV",C,自願醫保的產品可以分為標準計劃和靈活計劃，
108,等同自願醫保下認可產品的最低合規要求的產品稱為:,最低計劃,基本計劃,標準計劃,強制計劃,C,"標準計劃提供的條款及保障,必須等同自願醫保下認可產品的最低合規要求(如《保單範本》中所訂 明),即「基本保障」。"
109,靈活計劃可以提供: I. 基本保障 II. 額外保障 III. 其他保障,I,"I, II","I, III","I, II, III",D,"靈活計劃必須在「基本保障」的基礎上,提供「額外保障」。標準計劃和靈活計劃均可在「基本保障」和「額外保障」以外包括少量其他類型額外保障,簡稱「其他保障」。"
110,自願醫保是否包括精神科治療?,"可以保障在專科醫生建議下,香港或海外的精神科治療","可以保障在專科醫生建議下,在香港境内的精神科治療","可以保障在專科醫生建議下,在香港或海外接受的住院的精神科治療","可以保障在專科醫生建議下,在香港接受的住院的精神科治療",D,"自願醫保可以保障在專科醫生建議下,在香港接受的住院的精神科治療。"
111,根據《自願醫保計劃下產品的合規規則》以下哪項產品屬於認可產品?,團體償款住院保險產品,個人償款住院保險產品,住院現金保險產品,僅承保特定疾病的償款性質保險產品,B,"所有認可產品必須為個人償款住院保險產品。以下例子是壹些不被視為個人償款住院保險的保險產品:承保僱員並採用總體保單提供的團體保險產品;門診保險產品;非償款性質保險產品,包括住院現金保險產品和危疾現金保險產品;及僅承保特定疾病(例如癌)的償款性質保險產品。"
112,闡述保險產品獲認可為符合自願醫保規定的產品設計要求及相關的產品認可程 序是以下哪份文件?,《自願醫保計劃下保險公司的註冊規則》,《自願醫保計劃認可產品保單範本》,《自願醫保計劃下產品的合規規則》,《自願醫保計劃銷售規則》,C,《自願醫保計劃下產品的合規規則》闡述保險產品獲認可為符合自願醫保規定的產品設計要求及相關的產品認可程序。
113,"如保單同時涵蓋認可產品以外的其他保險計劃,該保單會包含《保單範本》沒 有訂明的條款及保障,這些訂明的條款及保障是否受自願醫保的要求所規限?",任何情況下都受規限,任何情況下都不受規限,視乎情況下受規限,"自願醫保的產品不可能同時涵蓋認可產品以外的其他保險計劃,因此不可能出現以上情況",B,"如保單同時涵蓋認可產品以外的其他保險計劃,該保單會包含《保單範本》沒有訂明的條款及保障，這些訂明的條款及保障並不受自願醫保的要求所規限。"
114,《自願醫保計劃認可產品保單範本》闡明認可產品的: I. 客戶的投保資格 II. 保單結構 III. 條款 IV. 保障的最低要求,"I, II, III","I, II, IV","I, III, IV","II, III, IV",D,《自願醫保計劃認可產品保單範本》闡明認可產品(包括基本計劃和靈活計劃)在保單結構、條款及 保障的最低要求。
115,自願醫保計劃是哪一個機構推出的?,保險業監管局,保險業聯會,食物及衛生局,金管局,C,自願醫保計劃是政府食物及衛生局(簡稱「食衛局」)所推出的政策措施。
116,闡明認可產品(包括基本計劃和靈活計劃)在保單結構、條款及保障的最低要求是以下哪份文件?,《自願醫保計劃下保險公司的註冊規則》,《自願醫保計劃認可產品保單範本》,《自願醫保計劃下產品的合規規則》,《自願醫保計劃銷售規則》,B,《自願醫保計劃認可產品保單範本》闡明認可產品(包括基本計劃和靈活計劃)在保單結構、條款及保障的最低要求。
117,相比標準計劃其條款及保障會為客戶帶來更高的保障稱為:,豪華計劃,增強計劃,增補計劃,靈活計劃,D,"靈活計劃的設計必須符合「更佳保障原則」,即與標準計劃相比,其條款及保障會為客戶帶來更高的保障。"
118,"在每個保單年度內及續保時,自願醫保的產品提供者是否可以增加或減少保費?",可以,不可以,如果受保人的情況有異則可以,如果受保人的情況有異則不可以,B,"在每個保單年度內及續保時,自願醫保的產品提供者不得因個別受保人健康狀況的改變而對其增加附加保費率或額,或增加個別不保項目。"
119,自願醫保是否可以提供訂明的非手術癌症治療?,可以提供全額保障,不可以提供任何保障,"可以提供部分保障,受保人要承擔30%的共同保費","可以提供部分保障,受保人要承擔70%的共同保費",A,自願醫保保障範圍擴展至包括訂明的非手術癌 治療—————保障範圍包括針對癌癥而進行的化療、放射 性治療、標靶治療、免疫治療及荷爾蒙治療。
120,"如果是非住院的訂明的先進診斷成像檢測,自願醫保是否可以提供保障?",可以提供全額保障,不可以提供任何保障,"可以提供部分保障,受保人要承擔30%的共同保費","可以提供部分保障,受保人要承擔70%的共同保費",C,"如果是非住院的訂明的先進診斷成像檢測,自願醫保可以提供部分保障,受保人要承擔30%的共同保費。"
121,"如果進行日間手術無須住院,自願醫保是否可以提供保障?",任何情況下都不可以,任何情況下都可以,如果屬於醫療上必要的可以,"如果屬於醫療上必要的可以,而且必須是外科手術",D,"如果進行日間手術無須住院,屬於醫療上必要的可以,而且必須是外科手術,自願醫保計劃是可以提供保障的。"
122,自願醫保計劃是否保障先天性疾病治療?,自願醫保計劃保障先天性疾病治療,自願醫保計劃不保障先天性疾病治療,自願醫保計劃保障受保人於年屆 8歲後出現或確診的先天性疾病的檢測及治療,自願醫保計劃保障受保人於年屆 18歲後出現或確診的先天性疾病的檢測及治療,C,自願醫保計劃保障受保人於年屆 8歲後出現或確診的先天性疾病的檢測及治療。
123,自願醫保計劃是否保障保單生效前未知的已有病症?,在投保時未知的已患病症不會獲得保障,"在投保時未知的已患病症在保單生效後的首一年等候期獲得不獲承保,由第二年起獲全部承保","在投保時未知的已患病症在保單生效後的首三年等候期獲得不獲承保,由第四年起獲全部承保","在投保時未知的已患病症在保單生效後的首三年等候期獲得部分承保(即第一年不保,第二年獲25%償款,第三年獲50%償款),由第四年起獲全部承保",D,"自願醫保計劃在投保時未知的已患病 在保單生效後的首三年等候期獲得部分承保(即第壹年不保，第二年獲25%償款,第三年獲50%償款),由第四年起獲全部承保。"
124,自願醫保計劃是否有冷靜期?,自願醫保計劃沒有冷靜,"投保人在投保後,並在未曾因索償而獲得或將獲得賠償的條件下,獲全數退還已繳保費,冷靜期最少有14天","投保人在投保後,並在未曾因索償而獲得或將獲得賠償的條件下,獲全數退還已繳保費,冷靜期最少有21天","投保人在投保後,並在未曾因索償而獲得或將獲得賠償的條件下,獲全數退還已繳保費,冷靜期最少有28天",C,"自願醫保計劃的投保人在投保後,並在未曾因索償而獲得或將獲得賠償的條件下,獲全數退還已繳保費。冷靜期最少有21天。由保單或保單簽發通知書交付予保單持有人或其代表後開始計算,以較先者 為準。"
125,"在每個保單年度內及續保時,自願醫保的產品提供者是否可以增加或減少個別不保項目?",可以,不可以,如果受保人的情況有異則可以,如果受保人的情況有異則不可以,B,"在每個保單年度內及續保時,自願醫保的產品提供者不得因個別受保人健康狀況的改變而對其增加附加保費率或額,或增加個別不保項目。"
126,自願醫保計劃下的可以向公眾銷售的產品稱為:,批核產品,認證產品,認可產品,允許產品,C,"個人償款住院保險產品必須先獲得食衛局的認可,方可以認可產品的名義供市民投購。"
127,"在成功登記參與自願醫保後,自願醫保的產品提供者必須向現有保單持有人提供一次機會,讓其:",以更優惠的價錢投保認可產品,將現有個人住院保險轉移至認可產品,獲得貸款投保認可產品,可以退還所有保費,B,"在成功登記參與自願醫保後,自願醫保的產品提供者必須向現有保單持有人提供壹次機會,讓其將現 有個人住院保險轉移至認可產品。"
128,自願醫保產品提供者在拒絕承保後是否需要通知投保人?,"自願醫保產品提供者只需要通知承保人拒絕承保,而不需要給予理由","自願醫保產品提供者只需要通知承保人拒絕承保,同時需要給予理由","自願醫保產品提供者只需要通知承保人拒絕承保,而不需要給予理由。投保人要求,仍然需要給予書面解釋回覆","自願醫保產品提供者只需要通知承保人拒絕承保,同時需要給予理由。投保人要求,需要給予書面解釋回覆",D,"自願醫保產品提供者在拒絕承保後只需要通知承保人拒絕承保,同時需要給予理由。投保人要求,需要給予書面解釋回覆。"
129,自願醫保的產品提供者是否可以拒絕任何投保申請?,自願醫保的產品提供者可以拒絕承保,自願醫保的產品提供者不可以拒絕承保,"自願醫保的產品提供者可以拒絕承保靈活計劃,然而必須承保標準計劃","自願醫保的產品提供者可以拒絕承保標準計劃,然而必須承保靈活計劃",A,"自願醫保的產品提供者不是必然要接納任何投保申請,它們可透過核保程序,就受保人作風險評估，並決定是否無條件接受投保、接受投保但須收取附加保費及/或設個別不保項目,或拒絕投保申請。"
130,自願醫保的產品提供者是否需要公開認可產品按年齡分級的收費表?,自願醫保的產品提供者不須公開認可產品按年齡分級的收費表,自願醫保的產品提供者必須公開認可產品按年齡分級的收費表,自願醫保的產品提供者必須公開標準計劃的認可產品按年齡分級的收費表,自願醫保的產品提供者必須公開標準計劃靈活計劃的認可產品按年齡分級的收費表,B,"自願醫保的產品提供者必須公布其認可產品按年齡分級的保費表,藉此增加市場透明度及促進收費競爭。"
131,"自願醫保產品的保費的釐定,主要根據:  I. 國籍 II. 年齡 III. 性別 IV. 投保人收入","I, II","I, III","II, III","I, II, III, IV",C,"按自由市場原則,自願醫保的產品提供者可自由訂定保費水平。根據市場的壹般做法,認可產品的準保費可因應年齡及性別有所不同。"
132,自願醫保的保費根據哪家機構議定?,食衛局,保監局,保險業聯會,"自願醫保的保費不受約束,按自由市場原則議定",D,"自願醫保的保費不受約束,按自由市場原則議定。"
133,"為《保單範本》作出補充,給自願醫保的產品提供者訂明操守及準則,當中涵 蓋產品提供、轉移安排、銷售及推广、投保申請的處理、冷靜期、售後服務等方面是以下哪份文件?",《自願醫保計劃下保險公司的註冊規則》,《自願醫保計劃認可產品保單範本》,《自願醫保計劃下產品的合規規則》,《自願醫保計劃下保險公司的實務守則》,D,"《自願醫保計劃下保險公司的實務守則》為《保單範本》作出補充,給自願醫保的產品提供者訂明操守及準則,當中涵蓋產品提供、轉移安排、銷售及推广、投保申請的處理、冷靜期、售後服務。"
134,保單保證受保人可以續保至:,65歲,80歲,99歲,100歲,D,"保單保證受保人可以續保至100歲,並且不設「終身保障限額」——即醫療保險單承諾在受保人的壹生 中累計支付的最高金額。"
135,自願醫保適用於:,年齡介乎15天至80歲的香港居民(包括香港身份證持有人),年龄介乎15歲至80歲的香港居民(包括香港身份證持有人),年龄介乎15天至80歲的香港永久性居民(包括香港身份證持有人),年齡介乎15歲至80歲的香港永久性居民(包括香港身份證持有人),A,自願醫保適用於年齡介乎15天至80歲的香港居民(包括香港身份證持有人)。
136,"一份適用於包括自願醫保在內的所有醫療保險的醫療保險業務指引,就預期水平/標準和做法提供指引,以確保消費者獲得公平對待是以下哪家機構發出的?",食衛局,保監局,保險業聯會,醫管局,B,"保監局發出壹份適用於包括自願醫保在內的所有醫療保險的醫療保險業務指引，就預期的水平/標準和做法提供指引,以確保消費者獲得公平對待。"
137,"自願醫保的產品提供者應確保所有銷售及推廣資料,均為準確及非誤導性,以及提供哪些語文的版本?",同時提供中英文版本,同時提供中英文版本(社交媒體及廣告除外),按客戶要求提供中文或英文版本,只需備有中文版本,B,"自願醫保的產品提供者應確保所有銷售及推廣資料,均為準確及非誤導性,以及提供同時提供中英文版本(社交媒體及廣告除外)。"
138,有關診斷成像檢測所設定的保障:,"標準計劃屬於共同保險安排,靈活計劃屬於自付費安排","標準計劃屬於自付費安排,靈活計劃屬於共同保險安排",標準計劃和靈活計劃都屬於自付費安排,"標準計劃和靈活計劃都屬於共同保險安排,然而靈活計劃可能提供額外的自付費安排",D,"有關診斷成像檢測所設定的保障,標準計劃和靈活計劃都屬於共同保險安排,然而靈活計劃可能提供額外的自付費安排。"
139,自願醫保是否可以自由選擇病房級別選擇?,標準計劃以及靈活計劃都可以,標準計劃以及靈活計劃都不可以,"標準計劃可以,而靈活計劃則不可以","標準計劃可以,而靈活計劃的基本保障部分可以,額外保障的部分則視乎條款",D,"根據自願醫保計劃,標準計劃以及靈活計劃的基本保障可以自由選擇病房級別。靈活計劃的額外保 障,則視乎條件,可以或不可以自由選擇病房級別。"
140,自願醫保的保障適用於:,香港的公營醫療系統,香港的私營醫療系統,香港的公營以及私營醫療系統,全球的醫療系統,D,"自願醫保的產品提供者在銷售過程中及接獲查詢時,應向消費者解釋,除精神科治療外,標準計劃中所有保障均全球適用。"
141,自願醫保的全球適用的保障不適用於:,外科治療,精神科治療,皮膚科治療,兒科治療,B,"自願醫保的產品提供者在銷售過程中及接獲查詢時,應向消費者解釋,除精神科治療外,標準計劃中所有保障均全球適用。"
142,自願醫保是否可以選擇醫療服務提供者?,標準計劃以及靈活計劃都可以,標準計劃以及靈活計劃都不可以,"標準計劃可以,而靈活計劃則不可以","標準計劃可以,而靈活計劃的基本保障部分可以,額外保障的部分則視乎條款",D,"根據自願醫保計劃,標準計劃以及靈活計劃的基本保障可以自由選擇醫療服務提供者。靈活計劃的額外保障,則視乎條件,可以或不可以自由選擇醫療服務提供者。"
143,"如屬對保障地域範圍作出限制的靈活計劃,是否能對海外的住院開支提供保障?",任何情況下都不可以,靈活計劃並不可以對保障地域範圍作出限制,"靈活計劃的基本保障/標準計劃部分是可以提供保障的,然而額外保障的部分則因保障地域範圍不可以提供保障","靈活計劃的基本保障/標準計劃部分是不可以提供保障的,然而額外保障的部分則不受保障地域範圍規限,可以提供保障",C,"靈活計劃的基本保障/標準計劃部分是可以對海外的住院開支提供保障的,然而額外保障的部分則因保障地域範圍不可以提供保障。"
144,以下哪項對於商業組合保單的描述是正確的?,流行程度頗低,市場上極為罕見,在法律上是禁止的,目前已較普遍,D,"組合保單及壹籃子保單均是提供多於壹種保險的單壹保單文件,比如火險、營業中斷險、盜竊險、僱員補償保險和公眾責任險。當大型機構開始採用更先進的方法進行風險管理,並增強了對保險的重視程度時,這種趨勢便愈見明顯。"
145,"一個物業在特定期間內空置,家居保單通常會暫停提供保障。這段期間為:",48小時,1星期,30天,60 天,C,"如果有關處所連續空置超過三十天,保單通常便會暫停提供保障(有時仍承保火災及自然危險)。"
146,家居保險的主要承保範圍:,建築物及/或其內部的物品,責任保險,人身意外保險,火災所引起的結構危險,A,"家居保險主要是提供財產保險,所承保的是屬於被保險人的建築物及/或其內部的物品。"
147,"在一般家居保險中,受保範圍包括: (i) 因火災導致財物盜竊損失 (ii) 因火災導致財物非盜竊損失 (iii) 人從窗戶進入的盜竊損失 (iv) 逃避火災過程中遺失物件",(i)及(ii),(i)、(ii)及(iii),(ii)、(iii)及(iv),(i)、(ii)、(iii)及(iv),B,"基本的指明危險保障必定承保火災,也能進而包含火險中大部分可保的附加危險。附加危險的項目很多,包括風暴/旋風、地震、爆炸、動物/車輛碰撞等。除此之外,盜竊引起的損失或損害也包括在内。但在逃避火災過程中遺失物件則不在受保範圍。"
148,"買了家居保險的人身意外保險,通常會在那些情況下獲得保障?",謀殺,任何意外,任何成因,火災或盜竊,D,"如果被保險人或其任何家庭成員在火災中死亡或死於盜賊之手,就會獲壹次性支付人身意外保險利益。"
149,以下哪項屬於家居保險保單中的指明危險?,火災造成的損失,盜竊造成的損失,颱風造成的損失,以上所有各項,D,"基本的指明危險保障必定承保火災,也能進而包含火險中大部分可保的附加危險。附加危險的項目很 多,包括風暴/旋風、地震、爆炸、動物/車輛碰撞等。除此之外,盜竊引起的損失或損害也包括在內。"
150,住宅物業的業主及住客較可能投保以下哪類保單?,火險保單而已,純家居物件保單而已,純建築物保單,建築物及家居物件保單,D,"家居保險的保障範圍不是指明危險的就是「全險」的。建築物的保障傾向是指明危險的,而家居物件保障則傾向是「全險」的。"
151,家居保險的主要保障範圍是:,建築物及/或家居物件,向第三者承擔的法律責任,由受保危險引致的額外損失或另覓住宿開支,人身意外的保障,A,"家居保險主要是提供財產保險,所承保的是屬於被保險人的建築物及/或其內部的物品。"
152,住宅物業的租客較可能投保以下哪類保單?,火險保單而已,家居物件保單而已,建築物保單而已,建築物及家居物件保單,B,住宅物業的租客較可能投保純家居物件保險保單，
153,"為取得較佳的保障,住宅物業的業主及佔用人購買以下哪類保單是較可取的方法?",火險保單而已,家居物件保單而已,建築物保單而已,建築物及家居物件保單,D,"家居保險的保障範圍不是指明危險的就是「全險」的。建築物的保障傾向是指明危險的,而家居物件保障則傾向是「全險」的。"
154,"在本港,向房東租用私人單位的租客,較有可能購買:",商業火險,家居物件保單而已,家居建築物保單而已,家居建築物及物件保單,B,"在本港,向房東租用私人單位的租客,較有可能購買純家居物件保障。"
155,"如果投保額一百萬,而實際價值是二百萬,但真正損失是一百萬,賠償額應該是:",一百萬,二百萬,"因投保不足,故不作賠償作為懲罰",五十萬(計算比例分攤),D,"根據比例分攤條件,當保費是按照由被保險人自選的保額計算時,保單條款中會包括壹項比例分攤條 件,規定如果損失發生時出現了不足額保險的情況,被保險人就不會就全數損失獲得保障。例如,發生損失時的保額只是受險價值的80%,那麼赔付的金額也只限於損失的80%,並不能高於保額。"
156,"一般的家居保險單,會提供下列哪項的保障?",財產保障,若干的人身保障,若干的經濟權益保障,上述所有各項,D,"家居保險不僅包括財產保險(主要是「全險」保障),也涉及壹些責任保險,甚至壹些人身保險與經清權益保險。"
157,只就物業的損失或損毀提供保障的家居保單適合:,租客,房東,業主及租客,擔任該物業按揭的銀行,B,"如果受保處所因受保危險而變得不能居住,保單便會給受保佔用人彌償任何入住替代住宿所需開支, 或給受保業主補償租金的損失。(當然,這些都屬於險經濟權益保險。)"
158,"在基本的家居保險中,以下哪項情況引致受保建築物受損相當可能是不保事項?",暴亂,火災,爆炸,企圖盜竊,A,"暴亂屬除外責任,"
159,家居保險一般是由下列哪個保險部簽發的?,火險,意外保險,汽車保險,人壽及健康保險,A,"家居保險是私人保險(有時稱為個人或私人險種)中的主要成員,很多公司是透過其火險部門來承保 這項業務的。"
160,以下哪項不屬於家居保險的保障範圍?,火災,暴亂,爆炸,失竊,B,家居保險的限制及除外責任包括戰爭、暴亂及類似風險。
161,香港的家居保險的主要保障範圍是:,建築物/家居物件的財產保險,對導致第三者死亡或受傷的責任保險,因損失或損害而帶來的額外開支或租金損失,受保人因火災而死亡的人身意外保險,A,"家居保險主要是提供財產保險,所承保的是屬於被保險人的建築物及/或其內部的物品。"
162,只就家居物件的損失或損毀提供保障的家居保單適合:,租客,房東,業主及租客,擔任該物業按揭的銀行,A,"只就家居物件的損失或損毀提供保障的家居保單即純家居物件保險保障 (Contents Only Cover), 它不保建築物,相當可能由租客投保。"
163,以下哪項不是旅遊保險的保費計算考慮因素?,保險日數,地區範圍,被保險人的性別(男性/女性),同行人數,C,"釐定旅遊保險保費的重要因素不包括被保險人的性別,"
164,以下哪項較可能是一般於香港簽發的旅遊保險的除外責任?,被保險人於空中撞機身亡,被保險人於渡假時自殺身亡,被保險人的行李於酒店房間遭盜竊,被保險人於渡假期間失足墮下所引起的醫療開支,B,"被保險人於渡假時自殺身亡屬旅遊保險的除外責任,"
165,香港的旅遊保險的核保是:,"必須徹底核保,因為受保的風險種類繁多",最少也要與個人意外保險的核保般徹底,不能與其他種類保險般深入核保,採納與人壽保險核保的標準,C,"旅遊保險業務的特點是盡量將壹切都簡單化,因為人們通常在最後關頭才去投保,而且不能做到「用 家方便」的產品很難在這種大型的市場中取得成功。所以,甚少對風險個別地進行核保。"
166,"在本港簽發的旅遊保單中,以下哪種情況較可能/或必會得到保障?",乘飛機時導致行李遺失,旅遊期間治療胃病的醫療開支,旅遊期間因盜賊行劫導致的財物損失,以上所有各項,D,"所有各項都是旅遊保險的保障範圍,"
167,以下哪項不屬於旅遊保險的保障事項?,投保人自殺身亡,患上嚴重感冒的醫療開支,在酒店不小心引起的責任,以上所有各項,A,"投保人自殺身亡是旅遊保險的除外責任,"
168,下列哪項是旅遊保險的保障範圍? (i) 醫療開支 (ii) 損失訂金 (iii) 公眾責任保障 (iv) 送返開支,(i)及(iii),(i)及(ii),以上全部正確,以上全部不正確,C,"所有各項都是旅遊保險的保障範圍,"
169,旅遊保險的保費根據源於:,地域範圍,行程天數,同行者的人數,以上各項皆有可能,D,"所有各項都是釐定旅遊保險保費的重要因素,"
170,"旅遊保險中,最適合形容該保障是:",一張短期人壽保單,只提供行程上索償的保單,可以形容是一籃子的保單,對個人責任提供保障,C,"旅遊保險保障通常屬於「壹籃子」交易,"
171,以下哪些情況相當可能是旅遊保險之賠償範圍?,被保人自殺,因使用汽車而導致的責任,在酒店的酒吧因意外導致財物破壞的責任,以上各項皆不是,C,"旅遊保險的保障範圍頗為廣泛,其中包括對個人責任保障,即承保受保人對第三者的死亡、受傷或財產損害所承擔的法律責任,及相關訟費及開支。"
172,旅遊保險通常歸屬於:,指明保險,度假保險,全險,一籃子保單,D,"旅遊保險保障通常屬於「壹籃子」交易,"
173,以下哪項並不是旅遊保險中保費計算的根據?,旅游目的地範圍,旅遊日數,被保險人的性別(男性/女性),同行人數,C,釐定旅遊保險保費的重要因素如下: (i)地域範圍 (ii) 持續時間 (iii)受保人數目
174,以下哪項屬旅遊保險所保障的範圍?,投保人自殺,使用汽車時所引致的責任,於酒店酒吧中因損壞財物引致的責任,以上所有各項,C,"旅遊保險的保障範圍頗為廣泛,其中包括對個人責任保障,即承保受保人對第三者的死亡、受傷或財產損害所承擔的法律責任,及相關訟費及開支。"
175,保險人對旅遊保單的核保:,是所有保險產品中核保得最徹底的,起碼比個人意外保險的核保徹底,甚少出現個別的風險核保,與人壽保險的準則相符,C,"旅遊保險業務的特點是盡量將壹切都簡單化,因為人們通常在最後關頭才去投保,而且不能做到「用家方便」的產品很難在這種大型的市場中取得成功。所以,甚少對風險個別地進行核保。"
176,「總保單」是:,繳付一個總保險費的保單,保單的正本,旅遊代理人用以安排渡假「套餐」的保險單,以全險作為根據,C,向很多安排度假「套餐」的旅行代理商簽發「總保單」是壹種頗為普遍的做法。
177,"旅遊保險人發出的渡假「套餐」旅遊保單,當遭遇一群保單持有人的巨大風險 (如飛機墜毀),該賠償金額可能極為龐大,這稱為:",積累,複合危險,複合風險,基本風險,A,"旅遊保險人發出的渡假「套餐」旅遊保單,當遭遇壹群保單持有人的巨大風險(如飛機墜毀),該賠償金額可能極為龐大,這稱為積累。"
178,商業保險組合的保險範圍包括:,財產保險的保障,經濟權益保險的保障,責任保險的保障,以上所有各項,D,"商業保險組合保單可以包括任何類型的保障,包括財產、經濟權益及責任風險。"
179,商業保險組合保單通常包括哪些項目?,財產保險,責任保險,經濟權益保險,以上兩項或以上的組合,D,商業保險組合保單通常包括財產保險、經濟權益保險及責任保險。
180,以下哪項保單較不可能屬於責任保險組合保單的保障範園?,公眾責任保單,汽車責任保單,產品責任保單,僱員補償保單,B,"在典型的情況下,責任保險組合保單在壹份文件內提供公眾責任、產品責任和僱員補償等三種保障。"
181,以下哪項不是向大型機構所提供的「傘括」類型組合保障的特點?,只提供財產及責任的保障,可按被保險人的需要而個別草擬,提供財產保障以全險為根據,包括大部份保險類別(財產、責任等),A,"「傘括」類型組合保障可以包括任何類型的保障,包括財產、經濟權益及責任風險。"
182,"典型商業保險組合保單提供的責任保險組合保單,保障較可能包括:",汽車、公眾責任及產品責任,公眾責任、產品責任及經濟權益,公眾責任、產品責任及僱員補償(法定)責任,專業責任、經濟權益責任及財產責任,C,"在典型的情況下,責任保險組合保單在壹份文件內提供公眾責任、產品責任和僱員補償等三種保障。"
183,以下哪項很可能不屬於責任保險組合保單的範圍?,公眾責任,產品責任,汽車責任,僱員補償責任,C,"在典型的情況下,責任保險組合保單在壹份文件內提供公眾責任、產品責任和僱員補償等三種保障。"
184,提供財產及經濟權益方面保障的組合保單可以以下哪一種形式簽發?,全險,指明危險,約定價值,火險與盜竊險,A,"財產及經濟權益保險組合保單傾向於提供「全險」保障,在同壹張保單下提供實物損害和營業中斷保障。"
185,以下哪項屬於商業保險組合保單的特點?,它通常以「全險」形式為財產提供保障,它可以在保費上累積一定的減省,它在文件上提供一定程度上方便,以上所有各項,D,"所有各項都是商業保險組合保單的特點,"
186,商業保險「組合」保單:,提供全險保險,累積保費的節省,可以節省多份保單,以上所有各項,D,"所有各項都是商業保險組合保單的特點,"
187,[傘括」類型組合保障相當可能承保(或保障):,過量雨水帶來的風險,財產保險而已,責任保險而已,所有風險(財產保險、責任保險和經濟權益保險),D,"「傘括」類型組合保險保障可以包括任何類型的保障,包括財產、經濟權益及責任風險。"
188,以下哪項屬於火災保單中的保障項目?,消防員用水救火造成的損失,閃電引致的非火災損失,閃電引致的火災,以上各項都是,D,"如果火災是近因,那麼「火災」損害便包括由煙、熱力,以及撲救火災時用的水引致的損害。由消防隊或其他參與救火的人合理地造成的損害,也在保障範圍之內。不管火災是否隨後發生,閃電都是受保危險。"
189,"營業中斷保險中,有一項重要的保單條文,保障在受保危險發生後的一段時間的損失,這段時間稱之為:",保障期間,保單日期,彌償期間,事件發生後的保險期間,C,"營業中斷保險所保障的是,在接著火災等受保危險的發生的壹段時間內所遭受的損失。很明顯,必須為「中斷期間」(或彌償期間)設下壹個期限。"
190,以下哪項不屬於火險保單中的附加危險?,颶風,地震,閃電,暴亂,C,"附加危險也稱為特殊危險、類似危險或擴展危險。這些危險難以說是與火災、閃電和「狹義的」爆炸 這些基本危險相似,但傳統上可多付保費從而附加投保。特定火險單所承保的額外危險在其承保表上 指明,可包括暴動與罷工、沈降與山體滑坡、風暴與颱風、被汽車碰撞、被飛機損壞等。"
191,"由火引起的水、熱力及煙所造成的損毀,以下哪一項在一般的火險單中是會得到保障?",若火災是由建築物當中引起的,若損毀與第三者無關,若火警發生的近因是火災,若火災與第三者損失有關,C,"如果火災是近因,那麼「火災」損害便包括由煙、熱力,以及撲救火災時用的水引致的損害。"
192,"在火險保單當中,爆炸引致的損失是:",是屬於基本保單所保險的,屬於除外責任,某些情況下爆炸引致的損失是受保的(例如:家用氣體爆炸),必須額外繳付保費才能得到保障的,C,"雖然在標準火險保單中,爆炸是壹項除外的危險,但有關的除外責任條款載明不適用於作家居用途(非商用)的氣體(或鍋爐)的爆炸這項受保危險,所導致的損害。"
193,影響營業中斷保險的保費計算是受著中段期間的時段及:,火險對建築物徵收的保費率,火險中建築物其內物件的保險費率,毛利損失的保障額,中段期間所支付的工資額,B,"計算營業中斷保險的保費是複雜的,首先以火險中建築物室內物件的保險費率作為基本費率,然後再根據保障的相關時間因素來計算附加費。"
194,[火災」的定義是:,一些不應起火但起火的物件,實際的燃燒,非由被保險人故意引起或安排,以上所有各項,D,"「火災」這項危險是指不應起火的物體(不論是否受保財產)實際上起火了,而且不是由被保險人故意引起或安排的(即不是欺詐)。"
195,"在一般基本的商業火險保單,以下哪項對爆炸危險的說明是不正確的?",包括在除外危險,家居氣體爆炸是得到保障的,"就算繳交額外保費,要得到所述之保障是不可能的",以上所有各項,C,"雖然在標準火險保單中,爆炸是壹項除外的危險,但有關的除外責任條款載明不適用於作家居用途 (非商用)的氣體(或鍋爐)的爆炸這項受保危險,所導致的損害。"
196,以下哪項不屬於附加於本港簽發的商業火險單中「附加危險」的替代用詞?,擴展危險,類似危險,特殊危險,補充危險,D,附加危險也稱為特殊危險、類似危險或擴展危險。
197,"一種經濟權益保單,起初是以「利潤保單」來形容及後稱為:",利潤損失,後果損失,營業中斷,以上各項皆是,D,"「營業中斷保險」是該險種最為趨時的名稱,但是有時也稱為「後果損失保險」或「利潤損失保險」。"
198,"因爆炸所引起的火災損失,所進行賠償的項目為:",不會接受賠償,全部接受賠償,家庭氣體燃料爆炸所造成的損失,"所有因爆炸導致的損失,但不包括因爆炸而造成的火災所導致",C,"雖然在標準火險保單中,爆炸是壹項除外的危險,但有關的除外責任條款載明不適用於作家居用途(非商用)的氣體(或鍋爐)的爆炸這項受保危險,所導致的損害。"
199,以下哪項不是火災營業中斷保險的保障範圍?,由受保危險引起的毛利損失,在營業中斷期間支付的工資,因火災引致的財產損毀,由受保危險引致的附加開支,C,火災營業中斷保險的保障範圍包括: (i) 因受保危險而導致的毛利潤(按保單定義)損失。 (ii) 因受保危險而導致的必要和合理的附加費用(例如租用其他物業)。 (iii) 營業中斷期間支付的工資。
200,以下哪項是明文刊載受火災營業中斷保險保障的範圍?,淨利潤,毛利潤,受保處所的損失,以上各項皆是,B,火災營業中斷保險的保障範圍包括: (i) 因受保危險而導致的潤毛利潤(按保單定義)損失。 (ii) 因受保危險而導致的必要和合理的附加費用(例如租用其他物業)。 (iii) 營業中斷期間支付的工資。
201,"在香港承保的標準火險保單通常受到「受比例分攤條件」約束,即是:","假如投保額不足的話,保單屬無效",財產價值是按市場價值來釐定,保單費用是按市場上的平均數來釐定,"假如損失時出現保額不足的話,實質上等同保險人與被保險人共購一份保險",D,比例分攤條件指的是財產保險通常要求全額投保;在理賠時會對不足額保險的情況作出懲罰。
202,"火災營業中斷保險保費的釐定,是根據時間因素及:",受保物業的保額,受保物業的保費率,因火災損失之受保物業內物件的保費率,受保人選的受傷數目,C,"計算火災營業中斷保險的保費是複雜的,首先以火險中建築物室內物件的保險費率作為基本費率,然後再根據保障的相關時間因素來計算附加費。"
203,"典型的營業中斷保單規定引致營業中斷的財產損害,必須有另一保單予以賠償。這項保單條文一般稱為:",火災損害保證,實物損害附帶條件,財產損害保險要求,強制財產保險條件,B,"典型的實物損害附帶條件規定,如果沒有實物損害保險保障了同壹位保單持有人的利益,或相關的實物損害保險人既不承認責任亦不賠付引致營業中斷的實物損害的話,營業中斷保單就不會作出賠償。"
204,營業中斷保險的保費是根據承保的時間加上甚麼來計算的?,建築物的價值,火險單中的保費率,建築物室內物件的價值,租金的價值,C,"計算火災營業中斷保險的保費是複雜的,首先以火險中建築物室內物件的保險費率作為基本費率,然後再根據保障的相關時間因素來計算附加費。"
205,以下哪項不屬於需要特別附加於商業火險保單基本保障的額外危險?,旋風,閃電,地震,惡意破壞,B,"不管火災是否隨後發生閃電都是受保危險,"
206,"某中式酒樓發生火警,波及上一層屬於林先生的單位,而該單位是受到一份火災保險的保障。為什麼你認為林先生不能得到該保險的保障?",林先生是可以得到該保險的保障,因為林先生的單位不是首先起火,因為有關情況不符合保單內有關「火」的定義,"如有林先生的保單額外保障附加危險,就保障有關情況",A,"發生在鄰近物業中並符合定義的火災所產生的熱量、煙或水進而對受保財產造成的損害,也可構成有效的火災索償。"
207,以下哪項是火災營業中斷保險可以提供補償的範圍?,毛利(按保單的定義),工資(不包括毛利的計算),受保危險引致的必要開支,以上各項都是,D,火災營業中斷保險的保障範圍包括: (i) 因受保危險而導致的毛利潤(按保單定義)損失。 (ii) 因受保危險而導致的必要和合理的附加費用(例如租用其他物業)。 (iii) 營業中斷期間支付的工資。
208,以下哪項符合火險保險內「火災」的定義?,由閃電直接引致的火災所帶來的損毀,麵包烤爐內的麵包不小心被烘焦了,由被保險人故意引起或安排,以上所有各項皆不正確,A,"「火災」這項危險是指不應起火的物體(不論是否受保財產)實際上起火了,而且不是由被保險人故意引起或安排的(即不是欺詐)。"
209,以下哪項對閃電發生所引致的火警的描述是正確的?,是除外責任,不是除外責任,"是一種特殊危險,但可以除外危險作附近保障","是一種基本風險,包括在保單的保障範圍內",B,"不管火災是否隨後發生閃電都是受保危險,"
210,"火災營業中斷保險保單條款中,如受保危險發生後,可得保障一段時間,這段時間稱為:",事件發生後的保險期間,保單日期,保障期間,中斷期間,D,"營業中斷保險所保障的是,在接著火災等受保危險的發生的壹段時間內所遭受的損失。很明顯,必須為「中斷期間」(或彌償期間)設下壹個期限。"
211,"在商業保單中,火災的定義為:",只限於發生在受保建築物中的火,不局限於受保建築物中的火災,不包括由其他人故意引起的火災,只限於由受保人引起的火災,B,"「火災」這項危險是指不應起火的物體(不論是否受保財產)實際上起火了,而且不是由被保險人故意引起或安排的(即不是欺詐)。火災無須在受保處所燃燒。"
212,以下哪些是適用於營業中斷保險的名稱?,後果損失,附加危險,商業「全」險,上述各項,A,「營業中斷保險」有時也稱為「後果損失保險」或「利潤損失保險」。
213,"投保一般火險後,以下哪些情況屬於賠償範圍?",因長期日光暴曬引致的油漆損害,"建築物因意外火災引起的濃煙,引致損失","被保人縱火所引起的濃煙,引致損失",一家餐廳的熔爐長期因使用發出的煙引致油漆損害,B,"發生在鄰近物業中並符合定義的火災所產生的熱量、煙或水進而對受保財產造成的損害,也可構成有 效的火災索償。"
214,"火險保單中,「火災」的定義:",只限於在受保處裡發生的火警,不限於受保處所裡發生的火警,不包括任何人故意引起的火警,不包括被保險人疏忽引致的火警,B,"「火災」這項危險是指不應起火的物體(不論是否受保財產)實際上起火了,而且不是由被保險人故意引起或安排的(即不是欺詐)。火災無須在受保處所燃燒,"
215,"一般火險保單大多數按比例分攤的方法賠償,意思是:","當損失出現於不足額保障時,被保險人得不到足額賠償","當損失出現於不足額保障時,保單便屬無效",財產價值是按市場價值來釐定,保單費用是按市面上的平均數來釐定,A,比例分攤條件是指財產保險通常要求全額投保;在理賠時會對不足額保險的情況作出懲罰。
216,"在火災及附加危險保險中,通常會在哪些情況下受到自負額的限制?",當出現不足額保險的情況,針對閃電造成的損害,針對某些附加危險而已,針對所有索償而不論原因,C,"用於基本保障(即火災、閃電和「某種」爆炸)中的自負額並不多見,然而,某些附加危險的保障設 有標準的自負額。"
217,"火險的保費是根據每一百元收 0.1元的保費,若保額是五百萬,保費應為?",五十元,五百元,五千元,五萬元,C,"每$100收取$0.1,即保費的0.1% $5, 000, 000 x 0.1% = $5,000"
218,以下哪項是火險保單的計算根據?,被保險人所付出的工資,生意的營業額,保障的時間,保障物件的價值,D,保障物件的價值是火險保單的計算根據。
219,以下哪項不是商業火險的常見的目標物件?,建築物,營業存貨,辦公室家具,機器,C,"承保多類受保財產的話(如下),通常會在火險單上顯示各別的保額: (1) 建築物: (2) 營業存貨: (3) 機器; (4) 其他物件。"
220,"營業中斷保險是為「利潤」作出保障,它亦稱為:",中斷賠償,利潤保障,後果損失,中斷期間,C,"「營業中斷保險」是該險種最為趨時的名稱,但是有時也稱為「後果損失保險」或「利潤損失保險」。"
221,以下哪項情況為火險的基本保障範圍?,於烘麵包時燒焦麵包,火災後因消防人員救火時造成的財物損毀,戰爭中所造成的火災,因被保險人故意放火造成的火災,B,"如果火災是近因,那麼「火災」損害便包括由煙、熱力,以及撲救火災時用的水引致的損害。由消防隊或其他參與救火的人合理地造成的損害,也在保障範圍之內。"
222,"在「全險」中,一般的除外責任包括哪些項目?",損耗,折舊,基於逐漸運作而引起的損失,上述各項,D,"損耗、折舊等是必然發生的,因此是不可保的。"
223,以下哪項關於約定價值保單的陳述是正確的?,它通常為貴重物品提供保障,全損時將支付保額,須專家進行獨立的專業估值,以上各項皆是,D,"以「全險」方式承保貴重物品這個本來意圖仍然重要。給貴重物品承保「全保」,通常採用約定價值 保障(意義是全損時不需理會實際價值而支付保額),而相關保額或約定價值相當可能是依據獨立而專業的估值來釐訂的。"
224,下列哪項或哪些對全險保單中的「約定價值」條款的評論是正確的?,它一般涉及貴重物品(如古董花瓶),全損時按保額赔付,於保單開始時一般涉及專業估值,上述所有各項,D,"以「全險」方式承保貴重物品這個本來意圖仍然重要。給貴重物品承保「全保」,通常採用約定價值保障(意義是全損時不需理會實際價值而支付保額),而相關保額或約定價值相當可能是依據獨立而專業的估值來釐訂的。"
225,「全險」保險的「約定價值」保障是指:,各項損失的支付金額均在事前議定,支付全損的索償金額在事前議定,支付部份損失的索償金額在事前議定,"對於每項及各項索償,保額與最低支付金額相同",B,"給貴重物品承保「全保」,通常採用約定價值保障(全損時支付保額,其實際價值無須理會),而約定價值須於開始時依據獨立而專業的估值來釐訂。"
226,"「全險」的保費一般是根據兩方面而釐訂。其一是保額,另一方面則是:",被保人的性別,被保人的居住地區,受保障的地區範圍,被保人的年齡,C,"保費必然是根據保額的壹定比率來計算的。同時,受保障的地區範圍不同,保險費率便會有所不同(全球保障的保費自然是最高的)。"
227,比例分攤在「全險」的保單當中是:,經常適用,經常適用於指明的物件,經常適用於未有指明的物件,完全不適用,C,"如果保障範圍包括了不指明物件,那麼有關保障就相當可能適用比例分攤條款。當每件物品都設有本 身的保額時,比例分攤就不壹定適用。"
228,以下哪項不是「全險」保單中的除外責任?,機械生鏽損毀,機器損毀後石頭從環上掉下,因不小心在船邊掉下的相機,因折舊而令電腦的價值下降,C,"損耗、折舊等是必然發生的,因此是不可保的。"
229,"有些財產保險用「全險」的形式作保障,「全險」是指:",沒有任何除外責任,任何想像到的危險都可得到保障,"除非屬於特定除外,否則所有損失或損壞都可得到保障","在指定名單上的危險才可得到保障,其他則屬除外",C,"「全險」的意思是所有損失或損害均屬保障範圍內,具體豁免保障者則除外。若要拒賠,保險人便有法律責任證明哪項除外責任是適用的。"
230,"大部份財產保險有為特定危險所造成之損失提供保障。此外,還有哪一類常見之保障?",全險,指定危險,單一危險,非指定危險,A,"「全險」也是常見的保障,"
231,"按照「全險」保險單,以下哪項是會得到賠償?",意外火災引起的損失,意外中遺失的一件珠寶,被保險人被賊人用槍指嚇而被偷竊的手錶,以上所有各項,D,"「全險」的意思是所有損失或損害均屬保障範圍內,具體豁免保障者則除外。"
232,以下哪項會受到基本盜竊保險的保障?,串同職員的盜竊,賊人自沒有鎖上及已開啟的門入內盜竊的損失,意圖毀滅証據而放火導致的損毀,以上所有各項都不是,D,"根據保單條款,任何索償如要成功,被保處所的保安防衛物必須遭到某些破壞。通常規定,只有牽涉 「以強行及暴力的方式進入或離開」被保處所的盜竊才屬保障範圍內。 職員盜竊屬於忠實保證風險,不屬於盜竊保單的保障範圍。牽涉到職員的共謀盜竊也不在此保障範圍內。在盜竊保單中,由火災引起的損害屬於除外責任的範圍。"
233,商業物業因盜竊而損失(不涉及火災)是屬於:,除外責任,"是會被保障,但受保人必須已指明及已繳交保費","是不會被保障,除非受保人已指明",是屬於保單的保障範圍而無需繳交保費,B,盜竊保險的基本目的是承保由盜竊或企圖盜竊導致的損失或損害。
234,"在本港簽發「商業盜竊保險單」,會提供以下哪項保障?",因盜竊而造成火災損失,因盜竊而造成非火災損失,向因盜竊而造成傷害的職員提供個人意外權益,以上所有各項,B,"盜竊保險的基本目的是承保由盜竊或企圖盜竊導致的損失或損害。在盜竊保單中,由火災引起的損害 屬於除外責任的範圍。因為火災引起的損害屬於除外責任的範圍。不論是否由可保危險引起都不會賠付。"
235,以下哪項會受到盜竊保險單的保障?,串同職員的盜竊,賊人由沒有鎖上及已開啟的門入內盜竊的損失,盜賊意圖毀滅証據而放火導致的損毀,以上所有各項都不是,D,"根據保單條款,任何索償如要成功,被保處所的保安防衛物必須遭到某些破壞。通常規定,只有牽涉 「以強行及暴力的方式進入或離開」被保處所的盜竊才屬保障範圍內。 職員盜竊屬於忠實保證風險,不屬於盜竊保單的保障範圍。牽涉到職員的共謀盜竊也不在此保障範圍內。在盜竊保單中,由火災引起的損害屬於除外責任的範圍。"
236,以下哪項或哪些有關商業盜竊保單的描述是正確的?,是以「全險」的方式來承保的,盜竊帶來的損害都被列為除外責任,只有牽涉「以強行及暴力方式進入或離開」被保處所的盜竊才屬於保障範圍之內,以上各項皆是,C,"根據保單條款,任何索償如要成功,被保處所的保安防衛物必須遭到某些破壞。通常規定,只有牽涉「以強行及暴力的方式進入或離開」被保處所的盜竊才屬保障範圍內。"
237,"大多數的盜竊保險只限於商業風險的保障,其保障範圍包括:",因盜賊引起的損失,以強行及暴力的方式進入或離開受保處所,因盜竊而產生的實際損失,以上所有各項,D,"獨立存在的盜竊保單主要只用於業商業風險。其保障範圍的壹個重要特點,就是保單通常有保由於盜賊以強行及暴力方式進入(或離開)受保處所而引致的損害。"
238,以下哪項有關盜竊保險中的陳述是不正確的?,"若不是以全額投保,損失將按比例分攤計",有些保險人仍稱之為入屋盜竊保險,由盜賊引起的火災損失是可獲得保障的,保單條款通常要求盜竊是以強行及暴力的方式進入或離開,C,"竊賊縱火以毀滅盜竊證據這種事情間中會發生,但是,在盜竊保單中,由火災引起的損害屬於除外責任的範圍。"
239,由寫匪引致的損毀於商業盜竊保險中是屬於:,基本的除外責任,保單中的保障範圍(涉及火災的損毀則除外),所有這類的損毀都自動成為保障範圍,"若額外附加保費,便成為可保的風險",D,"盜竊保險保障範圍的壹個重要特點,就是保單通常有保由於盜賊以強行及暴力方式進入(或離開)受保處所而引致的損害。保單對此類損失不設獨立的保額,但壹般會給存貨及其他件物件(如辦公設備)指明適用的各別保額。"
240,以下哪項會於玻璃保險中得到保障?,與戰爭有關的損毀,由火災引起的損毀,由一輛車子翻起的石子引致玻璃碎裂,由一名小偷打碎玻璃後遭盜竊的存貨,C,"玻璃保險提供「全險」保險保障,範圍不僅包括被保固定玻璃的碎裂,還包括暫時用圍板擋住被保處所所需的任何費用。標準財產保險的除外責任包括戰爭、核風險、恐怖主義等。火災風險可由火險保單承保的風險,例如火災、風暴、地震等都被豁免承保。由一名小偷打碎玻璃後遭盜竊的存貨屬盜竊保險的保障範圍。"
241,以下哪項不屬於玻璃保險的除外責任?,火災,核風險,受到汽車撞擊,以上各項,C,"火災風險可由火險保單承保的風險,例如火災、風暴、地震等都被豁免承保。 標準財產保險的除外責任包括戰爭、核風險、恐怖主義等。"
242,"以下哪項引致玻璃碎裂的事項,是在基本的玻璃保單中不受到保障?",消防員尋找救火通道時弄破的玻璃,遭汽車撞擊而被破壞的玻璃,醉酒球迷擲汽水罐而破碎的玻璃,投保人不小心弄碎的玻璃,C,"公共場所的玻璃特別容易受到罷工、暴亂等事件破壞。這種危險在玻璃保險中屬於除外責任,因此必 須查詢清楚,玻璃或火災保單是否可以額外承保這類風險。"
243,"在商用玻璃的維修工程中,常須要用圍板擋住有關之地方,此項工程的成本,在玻璃保險中:",需要被保險人提出要求才可以得到索償,需要被保險人多付額外的保費才可獲得保障,是屬於基本的保障而不需要多付任何另外保費,是一般的除外責任,C,"玻璃保險提供「全險」保障,範圍不僅包括被保固定玻璃的碎裂,還包括其引致的,暫時用圍板擋住 被保處所所需的額外費用。"
244,玻璃保險另外一個名稱?,平板玻璃保險,易碎物件保險,不動產保險,公眾責任保險,A,"玻璃保險業務原來稱為平板玻璃保險((因為它只承保經固定安裝的玻璃),香港可能還有保險人至今仍在使用這個名稱。"
245,"一般「玻璃保險單」中,提供以下哪項保障?",因火災對受保玻璃的損毀,對受影響的物業進行圍板工程,因被破裂玻璃弄傷的職員提供「個人意外權益」,以上所有各項,B,"玻璃保險提供「全險」保障,範圍不僅包括被保固定玻璃的碎裂,還包括其引致的,暫時用板擋住被保處所所需的額外費用。火災風險可由火險保單承保的風險,例如火災、風暴、地震等都被豁免承保。因被保玻璃破碎而導致的營業損失及額外開支(除非是圍板費用)都屬除外責任。"
246,金錢保單保障有效於:,火災中損失的金錢,運送途中遭盜竊損失的金錢,準備存入銀行前意外損失的金錢,以上全部各項,D,"金錢保險的保障範圍屬「全險」; 保障地點:承保對象仍然以現金運送為主,也相當可能包括其他地點的金錢。"
247,金錢保障保險擴展後的保障包括以下哪項?,被賊人打劫而失去的財物,受僱僱員在被劫時受傷,接收偽鈔的損失,運送現金時的損失,B,"在金錢保單中附加人身意外保障以承保職員因遭盜賊襲擊而受傷,是頗為普遍的做法。"
248,以下哪項是計算金錢保單的保費根據?,通常是有固定保額,以被保險人全年攜帶的最大金額,以被保險人存放的最高金額,通常是根據被保險人全年於銀行內往來的金額,D,"金錢保單的保費以全年進出銀行的金額的估計總數的壹個比率作為標準,因此,須支付臨時保費,到取得實際金額後再作全年的調整。"
249,以下哪項有關可調整保費的描述是正確的?,"嚴格來說,在法律上是不可強制執行",保單條件會要求被保險人保留足夠的相關記錄,這與財產保險有關,以上全部各項,B,必須保留足夠的記錄以證實損失金額及進行保費調整。
250,以下哪項關於金錢保險屬正確的?,"保障包括金錢以外的其他物件,例如支票、匯票等",只承保火災,所有保單自動承保職員住處,以上全部各項,A,"金錢保險的保障範圍屬「全險」,除了金錢的損失以外,還承保盜賊對保險箱和保險庫等造成的損害。"
251,以下哪項關於忠實保證保險的句子是不正確的?,保證只限於金錢損失,核查及監督制度是核保的考慮,不記名保障包括所有職員,保單保障顧員不誠實行為,A,"忠實保證保險原來保障的缺失必須是與金錢有關的。現時,同時承保涉及貨品方面的缺失是頗為正常的做法。"
252,"受忠實保證保險保障的一名僱員偷竊,僱主後來取回失去的金錢,亦沒有通知保險人,其後,同一名僱員再次偷去大筆金錢,被保險人向保險公司申請索償,此索償:",全數可以獲得正常賠償,全數不會獲得賠償,"可以獲得賠償,但視乎是否已繳交額外保費",可以獲得「通融」賠償,B,"僱主有時可能會寬宏大量,給犯錯的僱員改過自新的機會,允許他們繼續為公司服務。在這方面,保單規定被保險人必須在知悉或懷疑員工有不誠實行為後的比如7天內,以書面形式向保險人報告,保險人會暫時中止就該員工給與的保險保障,直至情況令其滿意為止。另外,保單或會規定於上述發現之後,自動並立即停止就該名員工提供保證。"
253,忠實保證保險的定義:,是金錢保險的另一種名稱,保障因職員的不誠實行為而導致的損失,保障因非職員的偷竊及建築物損壞的損失,不屬於經濟權益保險,B,"忠實保證保險可能是意外保險的最早形式,它屬於經濟權益保險,承保僱主因任何人在受其僱用的期間進行任何欺詐、盜竊或不誠實等行為而導致的金錢或財產損失。"
254,忠實保證保險保障以下哪項人士?,一名記名之人士,一系列記名人士,以不記名/總括形式登記的所有員工,以上所有各項,D,"忠實保證保險保障範圍內的職員有各種各樣的保單保障可供選擇,其中最為普遍的是: (1) 個人保障:個別地指名 保障範圍內的職員。 (2) 組合保障: 列出保障範圍內的所有職員的姓名(或職位)。 (3) 不記名/總括保險保障涵蓋被保險人的所有員工。"
255,以下哪項不是忠實保證保險的陳述?,必定嚴格規定與錢有關,通常職員一般的錯誤及疏忽是不保的,保障可以為不記名/總括,以上各項皆是,A,"忠實保證保險原來保障的缺失必須是與金錢有關的。現時,同時承保涉及貨品方面的缺失是頗為正常的做法。"
256,以下哪項對忠實保險的描述是不正確的?,只對挪用公款作出賠償,對於由經擔保的職員作出的不誠實行為需作出申報,核查及監察制度同樣屬於極為重要,"對沒有履行責任的員工,被保險人有追償權",A,忠實保證保險承保僱主因任何人在受其僱用的期間進行任何欺詐、盜竊或不誠實等行為而導致的金錢或財產損失。
257,以下哪項對於保證書的描述是不正確的?,它必須以書面形式發出,必須加上印章及簽署,保證書的索償程序非常複雜,保險人可追償已償付的金額,C,"保證書的索償本身極其簡單,事實上不會經常發生,但是壹旦發生,也無可爭議保險人不僅要付款,並須全額支付。"
258,以下哪句子能正確地形容處理履約保證書索償的情況?,比處理其它一般保險索償更為複雜,比處理其它一般保險索償容易,必須由法庭裁決,以上全部都不是,B,"保證書的索償本身極其簡單,事實上不會經常發生,但是壹旦發生,也無可爭議保險人不僅要付款,並須全額支付。"
259,反擔保是指:,額外保費,風險的再評估,獨立諮詢代言人的保費率,"抵押性的保障,由承建商董事作個人擔保的保障",D,"反擔保是指擔保人通常要求被保證人的董事、其母公司的董事、或其他他接受的人向他提供個人保反擔保,以保障他賠付後的追償機會。"
260,"[保證」須就一項反擔保作保障,意思是保險人:",需交額外保費作保障,購買再保險,"可為得到進一步資料,向資詢人查問","在「保證」的事項上,須經保證人的董事局核實",D,"反擔保指的是擔保人通常要求被擔保人的董事、其母公司的董事、或其他人向擔保人提供個人反擔保,以提高索償發生後的追償機會。"
261,「鍋爐爆炸保險」較可能提供以下哪項保障?,僅對第三者財產的損毀,僅對第三者的受傷的責任,財產責任而已,財產及十足的第三者責任,D,"鍋爐爆炸保險的保障範圍通常包括:被保險人的鍋爐或壓力容器的損害、被保險人其他財產的損害、及就第三者財產損失、死亡或身體受傷承擔的法律責任,以及訟費及開支。"
262,以下哪項對鍋爐爆炸保險的陳述並不正確?,賠償對第三者財產造成的損害,只保障被保險人的財產損失,保障被保險及第三者的財產損失,鍋爐爆炸造成損失是發生在正常工作時間,B,"鍋爐爆炸保險的保障範圍通常包括就第三者財產損失、死亡或身體受傷承擔的法律責任,以及訟費及開支。"
263,鍋爐爆炸保險保障在什麼時間因鍋爐或壓力容器發生的爆炸或倒塌所帶來的損失?,任何時間,工作時間之內,工作時間以外,在正常工作過程中,D,鍋爐爆炸保險承保鍋爐或壓力容器「在正常運作過程中」爆炸(屬物理性質而非化學性質的)或倒塌 所帶來的損失。
264,以下哪項是鍋爐爆炸中的可保事項?,鍋爐倒塌的後果損失,酒店的鍋爐被偷去,鍋爐火災引致第三者受傷,以上所有各項,C,"鍋爐爆炸保險的保障範圍通常包括就第三者財產損失、死亡或身體受傷承擔的法律責任,以及訟費及開支。"
265,"鍋爐爆炸保險提供兩項保障,包括爆炸及:",鍋爐倒塌,部分或全部鍋爐被盜,鍋爐被人惡意損毀,影響受保建築物及鍋爐的火災,A,鍋爐爆炸保險承保鍋爐或壓力容器「在正常運作過程中」爆炸(屬物理性質而非化學性質的)或倒塌所帶來的損失。
266,"機器損壞保險中,為受保機器的物理損失或毀害提供保險,以下哪類是所保的?",由意外引起,不可預見及突如其來,被保險人造成的損壞,不被任何其他公司保的,B,機器損壞保險就已經安裝完畢並處於運作或靜止狀態的受保裝置、機器、設備、電腦等遭受「不可預見和突如其來」的物理損失或損害提供「全險」保險保障。
267,機器損壞保險的除外責任是:,在戰爭或有關事件中損失,低於免賠額以下的損失,機器損壞所導致的後果損失,以上所有各項,D,"所有各項都是機器損壞保險的除外責任,"
268,以下哪項或哪些是機器損壞保險的除外責任?,一項(通常非通龐大的)免賠額,戰爭和有關的風險,機器損壞的後果損失,以上所有各項,D,"所有各項都是機器損壞保險的除外責任,"
269,以下哪項是鍋爐爆炸保險的除外責任?,戰爭或有關事項引起的損失,被保險人故意疏忽所引起的損失,在火險保單中受保的風險,以上所有各項,D,"所有各項都是鍋爐爆炸保險的除外責任,"
270,"機器損壞保險是對於受保物「不可預見及突如其來」的實質損失或毀壞提供保險,這類保障是屬於:",經濟權益保障,責任保障,財產保障,後果損失保障,C,"機器損壞保險是對於受保物「不可預見及突如其來」的實質損失或毀壞提供保險,這類保障是屬於財產保障。"
271,對其他建築物造成的支撐力減弱通常:,已經包括在建築全險中的責任保障部份,已經包括在建築全險中的財產保險保障部份,"在損失金額較免賠額為大時,已經包括在建築全險中",是建築全險的除外責任,D,"建築工程「全險」保險的第二部分豁免承保就屬於被保險人的財產(例如保單第壹部分所承保的工程)的損失或損害承擔的法律責任,及多種危險,包括減弱或消除支撐力(可以額外支付保費購買批單來承保這些風險)。"
272,建築工程「全險」保險的保障範圍通常包括:,財產及責任保險的組合,財產保險而已,責任保險而已,經濟權益保險,A,常見的建築工程「全險」保單格式包含兩部分: 第壹部分:就指明的財產以「全險」方式提供財產保險。 第二部分:承保對因建築工程導致第三者受傷或財產損失所負的法律責任。
273,建築全險對以下哪項索償不會作出賠償?,委託人供應的物料,實際點算時才發現的損失,第三者的財產損毀,清理殘損物的開支,B,實際盤點時才發現的損失屬除外責任。
274,"建築「全險」通常由兩部份所組成,第一部分提供「全險」的財產保險,第二部分提供:",責任保險,僱主責任保險,忠實保證保險,盜竊保險,A,第二部分承保對因建築工程導致第三者受傷或財產損失所負的法律責任。
275,「建築全險保單」中的第一部分會提供以下哪項保障?,颱風對正在進行的工程損毀,因錯誤設計而導致損失,責任保險而已,經濟權益保險,A,第一部分就指明的財產以「全險」方式提供財產保險。 因錯誤設計而導致損失屬除外責任。 第二部分承保對因建築工程導致第三者受傷或財產損失所負的法律責任。
276,以下哪項不屬於建築全險的保障範圍?,因水災引致建築物料損失或毀壞,因火災引致建築物料損失或毀壞,實際點算時才發現之損失,因颱風引致的損毀,C,"建築工程「全險」保險的第壹部分設有通常適用於「全險」保險保障的除外責任。還有壹些適用於此類保障的,包括錯誤設計、有缺陷的材料、不良工匠技藝及只於盤點時才發現的損失在內的其他除外責任。"
277,以下哪項較有可能是建築工程「全險」保險的除外責任?,在保單的責任部份下設定一個免賠額,由於減弱支撐所造成的第三者責任,於實際點算時才發現的損失,以上所有各項,D,"所有各項都是建築工程「全險」保險的除外責任,"
278,建築工程「全險」保險第二部份所提供的保障範圍可能是:,對其他建築物造成的減弱支撐力,對第三者造成的財產上損失,由第一部分保障所引致的責任,以上各項都是,B,建築工程「全險」保險第二部分承保對因建築工程導致第三者受傷或財產損失所負的法律任責任。
279,"一般建築工程「全險」保險有兩部份,它們分別是:","第一部份是提供財產保險,第二部份是提供責任保險","第一部份是提供責任保險,第二部份是提供經濟權益保險","第一部份是提供強制性保險,第二部份是提供自願性保險","第一部份是提供財產保險,第二部份是提供損害賠償",A,常見的建築工程「全險」保單格式包含兩部分: (i) 第壹部分:就指明的財產以「全險」方式提供財產保險。 (ii) 第二部分:承保對因建築工程導致第三者受傷或財產損失所負的法律任責任。
280,以下哪項對於建築工程全險保險的描述是不正確的?,"減弱支撐是屬於除外責任,但可以付出額外保費,使人之附加於保單上","第一部份的保障以「全險」形式作為保障,包括錯誤設計",第一部份或第二部份都設有免賠額,以上所有各項,B,"第壹部分設有通常適用於「全險」保險保障的除外責任。還有壹些適用於此類保障的,包括錯誤設計、有缺陷的材料、不良工匠技藝及只於盤點時才發現的損失在內的其他除外責任。"
281,"建築工程全險保單的第一部分以「全險」提供財產保障,第二部分則:",在公眾責任提供保障,不設任何免賠額,提供經濟權益的保障,以上所有各項,A,第二部分承保對因建築工程導致第三者受傷或財產損失所負的法律任責任。
282,"香港政府正計劃進行填海工程,並提供機器供承建商使用。為該機器提供保障的保險是:",建築工程「全險」保險第一部分,安裝工程「全險」保險,建築工程「全險」保險第二部分,裝配及安裝保險,A,"建築工程「全險」保險第壹部分就指明的財產以「全險」方式提供財產保險。受保財產相當可能包括合約工程和任何由委託人供應的物料,附加承保建築用的裝置、設備和機械(作為單獨的裝置及機械保單的替代方法)也行。清除殘物損物的費用也可包括在內。"
283,"某承建商打算在距離中國銀行大廈幾米的地方展開挖掘工程。以下哪項危險很大可能被其承建商購買的建築工程「全險」列為除外責任,但卻可額外付費贖回?",地陷,消除或減弱第三者建築而承擔的法律責任,消除或減弱第三者建築而導致本身的損害,消除或減弱第三者建築而導致本身的損害或承擔的法律責任,B,"建築工程「全險」保險的第二部分豁免承保就屬於被保險人的財產(例如保單第壹部分所承保的工程)的損失或損害承擔的法律責任,及多種危險,包括減弱或消除支撐力(可以額外支付保費購買批單來承保這些風險)。"
284,建築全險對以下哪項索償不會作出賠償?,委託人供應的物料,實際點算時才發現的損失,第三者的財產損毀,清理殘損物的開支,B,"建築工程「全險」保險的第壹部分設有通常適用於「全險」保險保障的除外責任。還有壹些適用於此 類保障的,包括錯誤設計、有缺陷的材料、不良工匠技藝及只於盤點時才發現的損失在內的其他除外責任。"
285,以下哪項屬於強制性責任保險? (i) 由蓄意的暴力所引起的責任 (ii) 普通法下的責任(並非故意) (iii) 法定要求的責任 (iv) 根據保險條款而自願承擔的責任,(i)及(ii),(i)及(iii),(ii)及(iii),(iii)及(iv),C,各別保障所保的法律責任可能因法規(即由立法機關制定的法律)及/或普通法而產生。
286,在「索償申報」保單中:,意外發生日期屬關鍵因素,提出索償的時間屬關鍵因素,保單屆滿前必須完成所有索償的給付,在受到法庭約束下的保單才可獲得保障,B,"以「索償申報」方式簽發的保單(即索償申報保單)是壹張作出如此規定的保單:不論何時受傷或財產受損,第三者就此而提出的任何索償必須於該保單生效期間或任何延長申報期之內提出,而延長申告期是壹段緊接著保單不續約或保單註銷的有限時期。"
287,"責任保險可能從法定要求(條例的條款)及普通法(疏忽)下及合約下(協議下)產生,下列哪項是可保的?",法律要求而已,普通法而已,法定及普通法而已,法定、普通法及合約下的責任,C,"各別保障所保的法律責任可能因法規(即由立法機關制定的法律)及/或普通法(通常因疏忽)而產生。法律責任也可以在合約下產生, 然而藉協議承擔的法律責任,通常屬於責任保障的除外責任。"
288,在港簽發的「責任保險」中「第三者」是指:,被保險人的僱員 小章節 6,與被保險人毫無關係的人 部分,被保險人的家庭成員,與任何索償無關的人,B,「第三者」壹詞相當可能會被闡釋為保險人和正向保險人索取彌償的人這兩人以外的任何人。
289,"合約下產生的責任,在保險中?",法律要求下必須執行,是特定除外,保險人必須執行,被保險人必須執行,B,"法律責任也可以在合約下產生,然而藉協議承擔的法律責任,通常屬於責任保障的除外責任。"
290,索償發展及賠償進度都十分快捷(大多數的財產保單)這類保險成為:,長期責任業務,短期責任業務,一般保險業務,長期保險業務,B,"「責任短期可決」業務壹般包括財產保險,"
291,以下哪項不屬於強制性責任保險?,汽車第三者保險,公眾責任保險,僱員補償保險,以上各項皆不屬於強制性責任保險,B,"正如汽車保險壹樣,僱員補償保險是強制保險的壹個主要分支。"
292,"在責任保險的形式下,合約下的責任(藉協議而承擔的責任)是:",通常的除外責任,法律上不可保的,自動得到保障的,不保的,A,"法律責任也可以在合約下產生,然而藉協議承擔的法律責任,通常屬於責任保障的除外責任。"
293,以下哪項不是長期責任業務?,產品責任,怠忽職守,公眾責任,火險,D,"所有的責任保險所保的法律責任均屬長期待決責任,意思是索償可能遲遲才出現,並且經歷壹段很長的發展期(延至保單到期後的數年也是可能的)。"
294,僱主責任保險通常是保障:,僱主對僱員的法律責任,僱主對非僱員的法律責任,僱主對其家庭成員的法律責任,僱主對自己的法律責任,A,僱員補償保單承保僱主對僱員應承擔的法律責任。
295,僱員補償保險的保費:,永不以可調整方法作根據,有時以可調整方法作根據,一直以可調整方法作根據,只以個別被保險人而作出調整,B,"僱員補償保費壹般按保險期間內僱主應付的薪金額乘以某個比率——百分比或千分比——計算,高低則主要按照有關僱主所經營的業務的種類而定。首次保費屬於臨時性質,實際金額則根據最終工資數字而作出整調整。"
296,長期責任業務的意思是指:,"索償從出現至發展,會跨越一個頗長的時間",索償必須於保單生效期內呈報,每項索償需要一段頗長的時間給付,索償的結果會影響全年的盈利,A,"所有的責任保險所保的法律責任均屬長期待決責任,意思是索償可能遲遲才出現,並且經歷壹段很長的發展期(延至保單到期後的數年也是可能的)。"
297,以下哪項/哪些有關僱員補償條例的描述是不正確的?,通常只適合用於受傷或死亡,賠償金額可能比實際的損失還要低,必須證明僱主的疏忽,必須於工作期間引致受傷或死亡,C,"《僱員補償條例》下的法律責任是加諸於僱主身上的法定責任。如果僱員在受僱期間因工遭遇意外事 故以致受傷或死亡,那麼,僱主必須向僱員或其受養人支付規定的補償金額,而有關金額可能在個別個案中比實際的損失還要低。相對應「有過失法律責任」,這種法律責任是「嚴格法律責任」,即不論僱主一方是否疏忽,也要負責給予補償。"
298,以下哪項/哪些有關僱員補償保單的描述是正確的?,它並不要求大部份僱主投保,它可以賠償不是僱主引致的疏忽或責任,它提供多於《僱員補償條例》的補償,以上各項皆符合,B,"僱員補償保險是強制保險的壹個主要分支。相對應「有過失法律責任」,《僱員補償條例》下的法律責任是「嚴格法律責任」,即不論僱主一方是否疏忽,也要負責給予補償。"
299,比較《僱員補償條例》下的責任及普通法下的責任時:,《僱員補償條例》下的責任可以在沒有疏忽的證明的情況下產生,普通法下的責任不容許僱主提出反駁,根據《僱員補償條例》下的責任的賠償通常會超過根據普通法下的責任的賠償,以上各項皆正確,A,"相對應「有過失法律責任」,《僱員補償條例》下的法律責任是「嚴格法律責任」,即不論僱主是否曾經疏忽,也要負責給予補償。受傷或死亡的僱員或其受養人有權獲得全額補償,但是首先要確立僱主的法律責任,而僱主或其保險人可以提出爭議。 僱主必須向僱員或其受養人支付規定的補償金額,而有關金額可能在個別個案中比實際的損失還要低。"
300,以下哪一項屬於僱主責任保險的保障範圍?,合約上的責任,僱主的錯失引起的責任,承建商的員工,非僱員引起的責任,B,僱員補償保單通常包含以下除外責任: (i) 合約附加的責任: (ii) 對被保險人的承建商的僱員承擔的法律責任: (iii) 死傷者不屬於《僱員補償條例》所指的僱員;
301,僱員補償保單保費的計算較可能基於:,被保險人發出的全年工資,被保險人擁有的物業價值,該保單提供的責任限制,可能向僱員支付的最高權益,A,僱員補償保費一般按保險期間內僱主應付的薪金額乘以某個比率————百分比或千分比——計算。
302,"根據《僱員補償條例》,僱員要得到賠償,以下哪項描述是正確的?",僱員必須證明僱主的疏忽或錯失,僱員不須證明僱主的疏忽或錯失,僱主必須證明僱員並無疏忽,僱主及僱員必須證明雙方並無疏忽,B,"相對應「有過失法律責任」,《僱員補償條例》下的法律責任是「嚴格法律責任」,即不論僱主一方是否疏忽,也要負責給予補償。"
303,"以下哪三項對僱員補償保單的描述是正確的?  (i) 在普通法下,僱員是受到保障的 (ii) 此保障包括承建商的僱員 (iii)在僱員補償條例中的責任是受到保障的 (iv) 保費以百分比或千分比微餐,並以僱員全年工資計算","(i), (ii)及(iii)","(i), (ii)及(iv)","(i), (iii)及(iv)","(ii), (iii) (iv)",C,"僱員補償保單承保僱主對僱員應承擔的法律責任。所保法津責任通常分成以下兩類,而兩類均是強制保險的規定範圍內的: (i) 《僱員補償條例》下的法律責任和 (ii) 獨立於《僱員補償條例》之外的法律責任(比較經常稱為「普通法」責任。 僱員補償保費一般按保險期間內僱主應付的薪金額乘以某個比率————百分比或千分比—————計算。對被保險人的商承建商的僱員承擔的法律責任是僱員補償保險的除外責任。"
304,以下哪項屬於《僱員補償條例》的適用範圍?,"因僱主疏忽而引致的損失,須負責補償","不是僱主疏忽而引致的損失,須負責補償","不論是否僱主疏忽而引致的損失,須負責補償","不論是否因工受傷,須負責補償",C,"相對應「有過失法律責任」,《僱員補償條例》下的法律責任是「嚴格法律責任」,即不論僱主一方是否疏忽,也要負責給予補償。"
305,"根據普通法(即僱主的錯失),而非《僱員補償條例》下的責任補償:",賠償金額通常會比較高,賠償金額通常會比較低,賠償金額相約,屬於僱主的刑事責任,A,"根據普通法(即僱主的錯失),而非《僱員補償條例》下的責任補償,賠償金額通常會比較高。"
306,以下哪項對於產品責任的描述是不正確的?,主要保障「有問題」的產品,它的保障範圍與公眾責任完全相同,通常設有同一年度的索償限額,有些北美地區稱為高危市場,B,"每位製造商或賣家均對其消費者負有一項照顧責任,就是不可製造或向他們銷售「有問題的產品」,使他們因此蒙受傷害或損害。產品責任保單承保就由所售賣、供應或維修的貨品,或所提供的服務等引起,及在由被保險人擁有或佔用的處所以外的地方發生的傷害或損害,承擔的法律責任。類似法律責任如在被保險人的處所引起,應該由公眾責任保單承保。"
307,"一項消費品(例如:電風扇)因生產過程出錯而成為有問題產品,購物者因觸電而對生產商提出索償,那麼涉及的保險是:",錯誤及疏忽保障,公眾責任,產品責任,專業責任,C,"每位製造商或賣家均對其消費者負有一項照顧責任,就是不可製造或向他們銷售「有問題的產品」,使他們因此蒙受傷害或損害。產品責任保單承保就由所售賣、供應或維修的貨品,或所提供的服務等引起,及在由被保險人擁有或佔用的處所以外的地方發生的傷害或損害,承擔的法律責任。"
308,"為製造業或工業團體設立的責任保險組合,較有可能提供:",公眾責任保險而已,產品責任保險而已,專業彌償保險而已,以上所有或大部分保障,B,可能承擔產品責任的人包括:製造商、裝配人、修理人和供應商。
309,產品責任的保障包括: (i) 產品本身的問題 (ii) 與公眾責任保障範圍一樣 (iii) 通常是「索償申報」保單 (iv) 某些市場屬於高度風險市場,"(i), (ii)及(iii)","(i), (ii)及(iv)","(ii), (iii)及(iv)","(i), (iii)及(iv)",D,"每位製造商或賣家均對其消費者負有一項照顧責任,就是不可製造或向他們銷售「有問題的產品」,使他們因此蒙受傷害或損害。產品責任保單承保就由所售賣、供應或維修的貨品,或所提供的服務等引起,及在由被保險人擁有或佔用的處所以外的地方發生的傷害或損害,承擔的法律責任。類似法律責任如在被保險人的處所引起,應該由公眾責任保單承保。"
310,以下哪項對產品責任保險的描述是正確的?,主要保障「有問題」的產品,有些高索償意識地區被誠為「危險的」市場,設有同一年度的賠償總限額,以上所有各項,D,"所有各項陳述都是正確的,"
311,"有問題的玩具會引致兒童受傷,這樣牽涉的法律責任與以下哪種保險有關?",公眾責任保險,產品責任保險,專業彌償保險,錯誤及疏忽保險,B,"每位製造商或賣家均對其消費者負有一項照顧責任,就是不可製造或向他們銷售「有問題的產品」, 使他們因此蒙受傷害或損害。產品責任保單承保就由所售賣、供應或維修的貨品,或所提供的服務等引起,及在由被保險人擁有或佔用的處所以外的地方發生的傷害或損害,承擔的法律責任。類似法律責任如在被保險人的處所引起,應該由公眾責任保單承保。"
312,"產品在製造過程中出現錯誤,引致消費者在使用時漏電,索償時會涉及以下哪項保險?",公眾責任,專業責任,產品責任,以上全部各項,C,"每位製造商或賣家均對其消費者負有一項照顧責任,就是不可製造或向他們銷售「有問題的產品」,使他們因此蒙受傷害或損害。產品責任保單承保就由所售賣、供應或維修的貨品,或所提供的服務等引起,及在由被保險人擁有或佔用的處所以外的地方發生的傷害或損害,承擔的法律責任。"
313,"一名律師未能及時採取法律行動,令其客戶蒙受巨大的损失。下列哪項保障可承擔該名律師面對的法律責任?",公眾責任保險,產品責任保險,忠誠保證保險,專業彌償保險,D,"專業彌償保單為「專業」人士提供保障,例如律師、醫生(醫療事故責任保險)、會計師、建築師、 基金經理、受托人等,因此,這種保障是承保專業作為及不作為中的失誤,其中包括提供不適當的意見。"
314,以下哪項對於專業彌償保險的描述不正確?,以索償申報的方式簽發,保障包括有毛病的產品責任,保障包括專業人士的疏忽行為及錯誤,又稱為“為醫療有關的怠忽職守”,B,"有毛病的產品責任屬產品責任保險的保障範圍,"
315,"打算在本港從事保險經紀業務,必須購買以下哪項保險?",專業彌償保險,怠忽職守保險,僱員補償保險,公眾責任保險,A,"專業彌償保單為「專業」人士提供保障,例如律師、醫生(醫任療事故責任保險、會計師、建築師、基金經理、受托人等,因此,這種保障是承保專業作為及不作為中的失誤,其中包括提供不適當的意見。"
316,以下哪項對於專業彌償保險的描述是正確的?,較常以索償申報的方式簽發,它可能以「醫療事故責任保險」出現,主要保障專業行為及疏忽出現的錯誤,以上所有各項,D,"所有各項陳述都是正確的,"
317,以下何者較可能得到專業彌償保險的保障?,銀行經理,職業足球員,保險代理,保險經紀,D,"專業彌償保單為「專業」人士提供保障,例如律師、醫生(醫任療事故責任保險、會計師、建築師、 基金經理、受托人等,因此,這種保障是承保專業作為及不作為中的失誤,其中包括提供不適當的意見。"
318,醫療事故責任保險屬於:,住院保險,公眾責任保險,醫療責任保險,為醫生而設的專業彌償保險,D,"專業彌償保單為「專業」人士提供保障,例如律師、醫生(醫任療事故責任保險、會計師、建築師、 基金經理、受托人等,因此,這種保障是承保專業作為及不作為中的失誤,其中包括提供不適當的意見。"
319,以下哪項對於公眾責任保險的描述是不正確?,"保費一般是暫繳的,而且可以調整的",主要保障對象是公眾及僱員,保障範園是不包括僱員,保障實際索償的損失及訴訟費用,B,"不屬於專門的責任保險(如汽車保險、僱員補償保險、產品責任保險、專業彌償保險等) 可保的法律責任,就是公眾責任保單的保障範圍。"
320,"公眾責任保險保費可根據每年工資釐定而可以是經常調整的,可調整的意思是:","如沒有索償,可退還保費","如該年工資高於預期,須支付額外保費","如工資高於預期,則加下年之保費",以上各項皆正確,B,"如果保費的釐定是基於某些可變動的因素的話,例如工資及銷售額,保費可以規定為可調整費保費。所以,起保時須支付臨時保費;當知道了最後確切的數字時,再將保費調整至正確金額。"
321,"一間快餐店買了兩份公眾責任保險,一份保2005年,一份保2006年。快餐店於2006 年收到某一顧客就 2005 年於其處所受傷的申索。這宗索償很可能涉及:","很可能是第一份保險,因為公眾責任保險通常是以「索償發生」的方式訂立的","很可能是第二份保險,因為公眾責任保險通常是以「索償申報」的方式訂立的","肯定是第一份保險,因為公眾責任保險必以「索償發生」的方式訂立的","肯定是第二份保險,因為公眾責任保險必(must be) 以「索償申報」的方式訂立的",A,"公眾責任險通常是用「索償發生」方式提供保險保障的,「索償申報」方式則不常用。"
322,責任保險是屬於長期責任業務的意思是指:,"索償從出現至開始,會跨越一個頗長的時間",索償必須於保單生效期內呈報,每項索償需要一段頗長的時間給付,索償的結果會影響全年的盈利,A,"所有的責任保險所保的法律責任均屬長期待決責任,意思是索償可能遲遲才出現,並且經歷一段很長的發展期(延至保單到期後的數年也是可能的)。"
323,"關於公眾責任保險,以下哪一項不是正確的?",保費可調整,保費以受保人每年支付的工資而釐定,保費根據不同的行業及職業而定,所有保費於每年年度完結才支付,D,"如果保費的釐定是基於某些可變動的因素的話,例如工資及銷售額,保費可以規定為可調整費保費。所以,起保時須支付臨時保費;當知道了最後確切的數字時,再將保費調整至正確金額。顯而易見,保險費率將根據被保險人的職業或行業,反映潛在的風險。"
324,下列哪一項對於公眾責任保險保費的描述是不正確的?,保費是可以調整的,保費是根據被保險人所支付的每年工資而釐定,保險費率是根據被保險人的行業及職業來釐定,保費只需在保險期內支付,D,"如果保費的釐定是基於某些可變動的因素的話,例如工資及銷售額,保費可以規定為可調整費保費。 所以,起保時須支付臨時保費;當知道了最後確切的數字時,再將保費調整至正確金額。顯而易見,保險費率將根據被保險人的職業或行業,反映潛在的風險。"
325,以下哪三項屬於本港公眾責任保險保單中的除外責任? (i) 合約上的責任  (ii) 在受保地區範圍以外發生的 (iii) 較適合由其他保單保障的責任(如:汽車)  (iv) 第三者意外責任,(i) (ii)及(iii),(i) (ii)及(iv),(i) (iii)及(iv),(ii) (iii)及(iv),A,"公眾責任保單的限制及除外責任包括: (i)地區範圍:在指明地區範圍以外發生的意外事故不受保,而且,根據典型的司法管轄條款,受保的第三者索償必須受香港的司法管轄。 (ii) 其他保單也可以承保責任風險。為了避免重複及混亂,這類風險(例如汽車和僱員補償)是除外的。 (iii) 合約附加的責任 (iv) 「標準的」除外責任,例如戰爭及核風險等。"
326,以下哪項對於公眾責任保險的描述是正確的?,它的索償可能於較後時間提出,它保障受傷及財產損毀的索償,它保障有關索償訴訟的費用,以上所有各項,D,"所有各項陳述都是正確的,"
327,公眾責任保險的概念是指:,提供僱員受傷的保障,提供僱員的財產損毀保障,提供僱員受傷或財產損毀的保障,提供非僱員受傷或財產損毀的保障,D,"不屬於專門的責任保險(如汽車保險、僱員補償保險、產品責任保險、專業彌償保險等) 可保的法律責任,就是公眾責任保單的保障範圍。"
328,以下哪項較不可能是公眾責任保單的除外責任?,在特定範圖以外所引起的責任,其他保單(例如:汽車)較適合提供保障的責任,因被保險人或其職員疏忽所引起的責任,保險人根據合約安排承擔的責任,C,"公眾責任保單的限制及除外責任包括: (i)地區範圍:在指明地區範圍以外發生的意外事故不受保,而且,根據典型的司法管轄條款,受保的第三者索償必須受香港的司法管轄。 (ii) 其他保單也可以承保責任風險。為了避免重複及混亂,這類風險(例如汽車和僱員補償)是除外的。 (iii) 合約附加的責任 (iv) 「標準的」除外責任,例如戰爭及核風險等。"
329,公眾責任保險是:,保障對於公眾成員的法律責任,保障汽車意外引致的責任,保障公眾成員所引致的損失毀壞,保障員工的法律責任,A,"凡是就死傷或財產損害承擔的,但又不屬於專門的責任保險(如汽車保險、僱員補償保險、產品責任 保險、專業彌償保險等)可保的法律責任,就是公眾責任保單的保障範圍。"
330,以下哪項對船東保賠組織的描述是正確的?,主要是為船體碰撞的責任負責 小章節 7,提供代表船東運作的自保計劃,屬於相互賠償社的組織,以上所有各項,D,"所有各項陳述都是正確的,"
331,"「協會條款」在水險是以編號條款形式構成一套公認的合約用詞,這協會是:",德國保險人協會,倫敦保險人協會,香港水險協會,水險保障協會,B,"香港的商業水險中,大部分保單均以協會條款作為措詞。協會(指倫敦保險人協會)條款在國際水險業中聲譽卓著,是被公認的保單措詞,並且幾乎被全球所有的保險人、銀行和有利害關係的機構所採納使 用。"
332,"在海上船險中,以下哪項屬於單獨海損?",因船隻相撞而造成的輕微損毀,因盜竊而損失的貨運物品,因漏電令導向損毀,以上所有各項,D,"簡單的說,單獨海損是指影響有關保險標的的部分損失,共同海損損失則除外。"
333,以下哪項關於「海損」的描述是不正確的?,它的意思是部分損失而非全部,它通常與不足額保險有關,「共同海損」代表分擔出現的損失,「單獨海損」是指船體的部份損失,B,"財產保險合約「適用比例分攤」,意思是說,必須全額投保,否則須按發生損失時投保不足的比例分攤損失,以作懲罰。在水險中,""Average”是指部分損失(即非全損)。"
334,在水險的責任風險保險:,通常包括在水險保單,是不會出現在水險保單,是法律強制性的要求,大部分是由船東保賠組織提供保障,D,"在水險的責任保險除了碰撞責任保險保障以外,主要的責任保險保障中有一種名為“P&I”責任保險保障。P&I 保險保障傳統上是由船東保賠組織提供的。它們成立的目的是向本身的會員船東提供某些不易從商業保險人(或牟利保險人)那裏購得的保險。"
335,"一般水險有兩種海損,一種是共同海損,而另一種是:",單獨海損,獨立海損,海損的特別條例,分攤海損,A,在水險中有兩種部分損失:單獨海損和共同海損。
336,"根據海上貨物保險,「倉至倉」是以下哪項的正確陳述?",只是指任何水上的運輸途徑,只是指有關陸上的運輸途徑,是指包括水上及陸上的運輸途徑,是指由港口至貨倉的有關連輸途徑,C,"海上貨物保險保障大多數是「倉至倉」的保障,意思是保險保障自貨物離開發貨人的倉庫時開始,直至到達最終存放目的地時完結。這幾乎一定會同時涉及陸路和上水上的運送。"
337,"一批貨物投買協會貨物條款A,經運送後存放在目的地的海關貨倉,但被火災燒毀。這個情況能不能得到保障?","不能,因保障是「港至港」,一卸貨保障就終止","能,火是受保危險,而且保障是「倉至倉」","不能,只有火險保單才能保障這個情況","能,火是受保危險,而且保障是「港至港」",B,"根據協會貨物條款A,有關的本身損害保險保障是「全險」的,很多時候這是就付運的貨物提供貸款或保證的銀行唯一可以接納的保險保障。海上貨物保險保障大多數是「倉至倉」的保障。"
338,"「協會條款」在水險裡是以編號條款形式構成一套公認的合約用詞,這協會是:",美國保險人協會,倫敦保險人協會,香港保險人協會,水險保險人協會,B,"協會(指倫敦保險人協會) 條款在國際水險業中聲譽卓著,是被公認的保單措詞,並且幾乎被全球所 有的保險人、銀行和有利害關係的機構所採納使用。"
339,"一項海上冒險中作出犧牲,成功挽救其他財物。遭受損失者有權向其他財產擁有權益者作出追討,這稱為:",代位權,分攤,共同海損,單獨海損,C,"凡在發生危險時,為了保存共同冒險中陷於危險中的財產而自願和合理地作出或招致任何特殊犧牲或費用,屬於共同海損行為。"
340,以下哪項對共同海損的描述是不正確的?,當整體冒險事業出現危機時出現,整體事業最終是得救的,本質上不屬於犧牲,出現損失時必須共同承擔,C,"凡在發生危險時,為了保存共同冒險中陷於危險中的財產而自願和合理地作出或招致任何特殊犧牲或費用,屬於共同海損行為。"
341,以下哪項關於水險保單中的約定價值是正確的?,被保險人必須對貨物進行獨立的評估,它只適用於非全損,它不具保額,它是為了商業上的方便而購買的,D,"為了商業上的方便,承保船隻或貨物的保險一般是以約定價值方式提供保險保障的——除了保額以外,保單還指明一個約定價值。就全損及部分損失而言,該約定價值(而非受保財產的實際價值)將 被當作是損失發生時的財產價值。"
342,"為了挽救冒險中受險的生意而犧牲,損失者可以向其他利益代表要求分擔出現的損失。這個慣例稱為:",分攤,代位權,共同海損,按比例海損,C,"凡在發生危險時,為了保存共同冒險中陷於危險中的財產而自願和合理地作出或招致任何特殊犧牲或費用,屬於共同海損行為。"
343,"在水險保單中,下列哪三個構成损失的原因不是推定全損而是實際全損? i. 船隻被火災完全摧毀 ii. 船隻在風暴中消失 iii. 船隻被盜且不能找回 iv. 船隻嚴重損毀在經濟角度上而言不值得維修","i, ii, iii","ii, iii, iv","i, iii, iv","i, ii, iv",A,"構成實際全損的三種清況是: (i) 保險標的被毀掉; (ii) 保險標的遭損壞的程度使其不再屬受保類別的物品(比如水泥被雨水弄濕後結塊,不能還原); 或 (iii) 被保險人已在無法挽回的情況下失去該保險標的(例如運輸途中的金條沈入了深海)。"
344,船東保賠組織是一個:,註冊的慈善機構,獨資貿易商的組織,相互賠償社,專利(合股)公司,C,"船東保賠組織是由船東成立的自我保險組織,主要向本身的會員船東提供某些不易從商業保險人(或 牟利保險人)那裏購得的保險。"
345,"遇上海上風險,某人因拯救船上財物,向拯救者支付一筆償金,稱為:",救助,代位權,分攤,共同海損,A,"在海商法中,「救助」一詞一般指以「無效果——無報酬」為條件而搶救正受海上風險、海盜或敵對行為威脅的船隻或其他海上財產,行動成功的話,有關財產的擁有人必須向救助人員支付一筆名為「救助償金」的金錢,在海上保險條款中則稱為「救助費用」。"
346,"在貨物條款的保障下,「倉至倉」的保障形式是:",只涉及陸路的運送 小章節 7,只涉及水路的運送 部分 1,包括陸路及水陸上的運送,只包括由港口運抵貨倉途中的運送,C,"海上貨物保險保障大多數是「倉至倉」的保障,意思是保險保障自貨物離開發貨人的倉庫時開始,直至到達最終存放目的地時完結。這幾乎一定會同時涉及陸路和水上的運送。"
347,以下哪項在水險中提供最廣闊的保障範園?,約定價值保單,協會貨物條款A,協會貨物條款B,協會貨物條款C,B,"協會貨物條款A有關的本身損害保險保障是「全險」的,很多時候這是就付運的貨物提供貸款或保證的銀行唯一可以接納的保險保障。"
348,"下列哪三種水險,是以「特定危險」為根據?  (i) 貨物條款 A (ii) 貨物條款 B (iii) 貨物條款 C (iv) 遊艇條款保險",(i)、(ii)及(iii),(i)、(ii)及(iv),(ii)、(iii)及(iv),(i)、(ii)、(iii)及(iv),C,"協會貨物條款 A 有關的本身損害保險保障是「全險」的,很多時候這是就付運的貨物提供貸款或保證的銀行唯一可以接納的保險保障。"
349,"協會貨物條款(A)是以「全險」作為根據,以下哪項是會得到保障?",在火災中被燒毀的貨物,在運送途中被盜竊的貨物,"在航行中,被大浪捲走的貨物",以上所有各項,D,"協會貨物條款A 有關的本身損害保險保障是「全險」的,很多時候這是就付運的貨物提供貸款或保證的銀行唯一可以接納的保險保障。"
350,船舶保險中的免賠額是:,約束著部份海損索償,約束著全部損失的索償,約束著部份海損及全部損失的索償,部份海損及全部損失都不受約束,A,"船舶保險只就部分損失而非全損索償設定了免賠額,"
351,"船舶保險單中指明免賠額為損失的5%,若船體價值為一百萬,當船隻出現全部損失時,賠償額為:",25萬,75 萬,95萬,100 萬,D,"船舶保險只就部分損失而非全損索償設定了免賠額,"
352,"碰撞責任保障並不常見。這類保障一般只承擔其中四分之三的法律責任,餘下四分之一:",船東通常不會投買,不能在別處投買,向船東保賠組織投買,由一份獨立的船體保險提供保障,C,"保單只負責碰撞法律責任的75%(總是以3/4this 表示)。餘下的25%,連同某些其他類型的「船東法律責任」,則由船東保賠組織承保。"
353,"船舶保險保單中指明免賠額為保額的5%,若保額為一百萬,以下哪項損失的情況不需顧及到免賠額的規定?",損失為5萬,損失為7萬5千元,損失為10萬,損失為100 萬(全損),D,"船舶保險只就部分損失而非全損索償設定了免賠額,"
354,"船舶保險中,保單只負責碰撞責任的:",90%,10%,25%,75%,D,"保單只負責碰撞法律責任的75%(總是以3/4this 表示)。餘下的25%,連同某些其他類型的「船東法律責任」,則由船東保賠組織承保。"
355,以下哪項是海洋船舶保險的保障範圓的標準特點? (i) 損害防止的開支 (ii) 共同海損及救援的費用 (iii) 保障船主所承受的一切責任風險 (iv) 保障範圍包括船隻整體及設備的損失及損毀,(i)及(ii),(ii)及(iii),"(i), (ii)及(iv)",(i)、(ii)、(iii)及(iv),C,"船舶保險(有時稱為「船殼及機器保險」)不僅承保受保船隻的船殼,還承保其設備、物料、救生艇,以及該船需用的燃料等。損害防止費用及共同海損和救助費用是受保的。 協會船舶條款所提供的財產保險保障一般是指明危險的(海險、火災、爆炸等)。"
356,"在船體碰撞責任方面,以下哪個機構會提供最大的責任保障?",船東保賠組織,有關之保險公司,倫敦保險人協會,負責處理之保險代理人,B,"碰撞責任只承保受保船隻在與另一艘船互相碰撞後承擔的法律責任,而且保單只負責該等法律責任的75%(總是以3/4this 表示)。餘下的25%,連同某些其他類型的「船東法律責任」,則由船東保賠組織承保。"
357,船舶保險的財產損害部份有可能是:,船上裝有的貨物,船上設備,船身主體部份,船頭之損毀部份,C,"船舶保險(有時稱為「船殼及機器保險」)不僅承保受保船隻的船殼,還承保其設備、物料、救生艇,以及該船需用的燃料等。一艘船的船殼是它的主體。"
358,海洋船體保險保費的釐定是根據:,船上貨物的價值,被保險人的索償經驗,船東的年齡,船隻的大小,B,"保費的釐定很大程度上受個別被保險人的索償經驗影響。儘管是同一艘船,如果船束或管理人另有其人,應付的保費就可以有極其顯著的差別。"
359,"遊艇保險的理賠通常基於不折扣的方法。但對於某些例外的物品可能會作出折舊扣減,而最高折舊扣減額為原值的三分之一,例如: (i) 船帆 (ii) 船外的引擎 (iii) 船東的年齡 (iv) 船隻的大小",(i)及(ii),(i)、(ii)及(iii),(ii)、(iii)及(iv),(i)、(ii)、(iii)及(iv),A,"本身損害索償的結清是按以新代舊原則進行的,但某些指明物品(例如船帆及安裝於船外的引擎)則須進行 折舊扣減,最高扣減額為三分之一。"
360,以下哪項屬於遊艇保險的除外責任?,遊艇上的釣魚裝備,船外的引擎跌落水中,沒有標記母艇名稱的小艇,以上各項,D,"所有各項都是遊艇保險的除外責任,"
361,下列哪項對「遊艇條款」描述不正確?,免賠額不包括全部損失的賠償,不包括責任權益,"倫敦保險人協會規定,以「指明危險」作為基準",特快遊艇(超過十七海里)需採用快艇條款,B,"與商船保單不同,遊艇保單提供了完整(即100%,而非75%)的第三者保險,承保個人受傷、財產損害方面的法律責任和法律開支。"
362,下列哪項對「遊艇條款」描述不正確?,免賠額不包括全部損失的賠償,責任保險是由船東保賠組織提供,"倫敦保險人協會規定,以「指明危險」作為基準",特快遊艇(超過十七海里)需採用快艇條款,B,"與商船保單不同,遊艇保單提供了完整(即100%,而非75%)的第三者保險,承保個人受傷、財產損害 方面的法律責任和法律開支。"
363,"在一般保險中,核保涉及兩個階段包括:","選擇風險,但不涉及保險合約的條款",選擇承保的風險及合約的條款,只涉及釐訂保費,以上所有各項,B,《保險原理及實務》中核保的兩個重要過程: (a) 選擇風險(即判斷它們的可保性);及 (b) 決定合約的條款。
364,核保的程序涉及:,風險的類別,風險的選擇,變更標準合約的條款,以上所有各項,D,"核保的程序涉及所有各項,"
365,"某個術語用在一般保險中,含義和人壽保險中的「申請表」相同。這個術語 是:",保險憑證,暫保單,投保書,續保要求,C,"投保書也稱為投保單、申請表,當中以申請表在人壽保險中用得較為普遍。"
366,"人身意外保險提供的保障包括三個標題,分別是整筆權益(一筆過的款項)、每週利益及:",退休年金,牙科護理,醫療開支,住院權益,C,"人身意外保險保障可以在下面三個主要項目之下加以描述,各項均以受保人遭受訂明身體受傷作為保單責任的先決條件: (i) 整筆支付的利益 (ii) 按周計算的利益 (iii) 醫療費用"
367,"在正常情況下,要證明一項事實的重要性是屬於:",保險人的責任,被保人的責任,保險人及被保險人的責任,由法庭裁決,A,"如果有不明確的情況,保險人一般有責任證明有關事實是重要的,而投保人所提供的資料是不充分的。"
368,"保險核保人在風險評估過程中,可能涉及:",風險的可保性,標準保費是否適合,是否要採納自負額或免賠額,以上所有各項,D,"保險核保人在風險評估過程中,可能涉及所有各項。"
369,核保一般保險的特性:,"保單條款與人壽保險一樣,核保之後便不能改變","與人壽保險類似,但不涉及可保利益的考慮","與人壽保險一樣,可保利益只需在保單開始時存在","需要持續核保,每年續約或更新保單條件",D,"一般保險的風險估定是一個持續的、或最低限度是可重複的過程。一般保險通常為期一年,需要續保。"
370,以下哪項或哪些屬於重要事實?,增加風險的事實,涉及以前的損失或索償記錄,涉及以前不良的保險經驗,以上各項皆是,D,"所有各項都是重要事實,"
371,以下哪項屬於非重要事實?,改善或降低有關風險的事實,過往的損失經驗,以往的索償的經驗,以上所有各項,A,"任何不構成重要事實的事實沒有必要披露(例如打算購買火險時的實際年齡)。不過,有些事實可能符合重要事實的定義,然而僅僅是因為法律的規定而不必披露。這包括改善或降低風險的情況等。"
372,"保險核保人在風險評估過程中,可能涉及:",風險的可保性,標準保費是否合適,是否要採納自負額或免賠額,以上所有各項,D,"所有各項都是保險核保人在風險評估過程中可能涉及的,"
373,"在農業保險申請表中,以下哪項不屬於重要事實?",減低水災發生的事實,"在以往經歷中,涉及不受保險保障的水災索償的事實",涉及風險大於正常的事實,可能出現損失的程度高於標準水平,A,"改善或降低風險的情況屬「非重要」事實,"
374,"於一般保險的核保人對風險的估定及評估,以下哪些是考慮的範園?",風險的可保性,標準保費率是否適合,應否接納免賠額或自負額,以上所有各項,D,"所有各項都是進行風險評估時須要考慮的事項,"
375,"在一般保險中,風險評估以確定風險的可保性是:",只在保單索償時進行,只在保單續保時進行,在保單續保或其他時候重覆進行,只在保單開始時進行,C,"有別於人壽保險,一般保險的風險評估是一個持續的、或最低限度是可重複的過程。通常風險評估出現在: (i) 投保階段 (ii) 保單續保的時候 (iii) 索償發生時 (iv) 擬對現有條款作出重大更改時 (v) 風險有所變化"
376,"任何對投保風險的可保性或可能採用的條款造成不利影響的資料,可被描述為:",重要事實,必要事實,基本事實,核保要求,A,"重要事實的法律定義為:「在訂定保費或決定是否承擔風險方面會影響一名審慎的保險人的判斷的任何情況」。實務上,核保人一般有興趣獲知任何影響著有關擬保風險的可保性及應採用甚麼條款的事實。"
377,"核保風險評估過程,風險估定可能需要考慮的要點包括:",風險的可保性,標準保費是否適合,標準保單用詞是否須要修改,以上所有各項,D,"所有各項都是進行風險評估時須要考慮的事項,"
378,以下哪項屬於不須披露的「非重要事實」?,一項減低風險的事實,涉及過往賠償及損失的事實,風險比預期大,潛在損失比預期大,A,"任何不構成重要事實的事實沒有必要披露(例如打算購買火險時的實際年齡)。不過,有些事實可能 符合重要事實的定義,然而僅僅是因為法律的規定而不必披露。這包括改善或降低風險的情況等。"
379,"在正常的情況下,要證明一項事實的重要性是屬於:",保險人的責任,被保人的責任,保險人及被保險人的責任,由法庭裁決,A,"如果有不明確的情況,保險人一般有責任證明有關事實是重要的,而投保人所提供的資料是不充分的。"
380,"在最高誠信中,被保險人毋須披露以下哪一項事實?",以往損失經驗的事實,以往索償經驗的事實,屬於一般常識的事實,以上所有各項,C,"屬於常識的的情況是「非重要」事實,"
381,一般在判定一項風險的可保性和決定採納甚麼合約條款的人是:,代理人,核保人,保險經紀,保險公司的行政總裁,B,"實務上,核保人一般有興趣獲知任何影響著有關擬保風險的可保性及應採用甚麼款條款的事實。"
382,以下哪項不屬於保單中的重要事實?,五十五歲的投保人(公眾責任),儲存大量汽油的辦公室(火險),多次被盜竊的地方(家居保險),曾遭意外導致雙足殘廢(意外保險),A,重要事實的法律定義為:「在訂定保費或決定是否承擔風險方面會影響一名審慎的保險人的判斷的任何情況」。
383,"對特定的投保進行評估時,承保人會全面了解風險。當中包括兩大類別,分別 為實質危險及:",道德危險,非實質危險,無形危險,心理危險,A,核保人把危險分為兩類實質(物質)危險和道德危險。
384,以下哪項是道德危險的不正確描述?,涉及人性行為的特點,道德危險有分為好與壞,"不單涉及不誠實,還涉及主觀的特點",比實質危險容易察覺,D,"比起實質危險,道德危險屬於較主觀及較難理解的概念。"
385,甚麼風險因素可影響道德危險?,引起盜竊的吸引力(盜竊保險),令人不滿的索償經驗,被保險人對索償的無理態度,被保險人的身體狀況(個人意外保險),C,"道德危險可能出現的負面形態包括“不合情理”,即根據普遍被接納的詞意,某人可能非常誠實;然而當他鑽牛角尖或極端固執時,便可能製造極大的麻煩。"
386,以下哪項是道德危險的不正確描述?,涉及人性行為的特點,道德危險有分為好與壞,"不單涉及不誠實,還涉及主觀的特點",比實質危險容易察覺,D,"比起實質危險,道德危險屬於較主觀及較難理解的概念。"
387,"一些主觀因素,如態度、行為及操守都可以成為評估風險的考慮因素,這些因素亦稱為:",實質(物質)危險,道德危險,重要事實,檢驗報告,B,"如果我們把道德危險作為「人性元素」來考慮,或許更能明白其中的含義。也就是說,這是指被保險 人及其他與該風險有關的人(例如被保險人的家庭成員和僱員)的態度、行為及操守的本質和特點。"
388,以下哪一項不是影響一項風險的道德危險?,被保險人一方的不誠實,建築物中的建築材料,被保險人及受僱僱員的粗心大意,被保險人對索償的無理態度,B,建築材料是實質危險的例子。
389,"核保時,保險人會考慮投保人的實質危險,以下哪項不屬於實質危險?",目標物件的價值及吸引力(盜竊保險),被保人的僱員的粗心大意行為(意外保險),建築物中的建築材料(火險),員工的工作性質(僱員賠償保險),B,"粗心大意及魯莽屬道德危險,"
390,"以下哪項危險屬於較易理解及辨別,而且擁有客觀的特質?",道德危險,非道德危險,實質危險,非實質危險,C,"實質危險指的是風險的客觀、物質性本質,即是明顯而且容易被確認的特點。"
391,"在估定一項風險,核保人都會考慮的事情主要分為兩方面,一般稱為「實質危險」及:",典型危險,道德危險,非實質危險,心理危險,B,核保人把危險分為兩類:實質(物質)危險和道德危險。
392,"風險的估定是實質本性與有關事實的結合,可稱為:",核保人承保的考慮因素,道德危險,實質危險,受保商數,C,"實質危險指的是風險的客觀、物質性本質,即是明顯而且容易被確認的特點。"
393,以下哪一項不屬於在一般情況下影響一項風險的實質危險?,引起盜竊的吸引力(盜竊保險),令人不滿的索償經驗,被保險人一方的不誠實,被保險人的身體狀況(個人意外保險),C,"被保險人一方的不誠實屬道德危險,"
394,"投保書中問題的答案可能會引起保險人的進一步查詢(檢驗),例如:",正投保大額款項的盜竊保險,曾多次索償意外撞車的汽車保險,正投保大額的建築火險保險,以上所有各項,D,"所有各項都可能會引起保險人的進一步查詢,"
395,"當為火災保險作實質危險估定時,應考慮哪些因素?",結構物料,投保人的年齡,投保人之道德操守,以上全部都不是,A,建築材料對火險的重要性是十分明顯的。木質建築物比起混凝土的同類型建築物自然要付更高的保費。
396,"根據自願醫保計劃的認可產品簽發的保單,是否可以附帶或附加於其他保險產 品?",任何情況下都可以,任何情況下都不可以,"在不與自願醫保的目標有所抵觸,並且不得削減保單持有人在同一保單下就認 可產品可獲得的保障就可以加入長期保險產品","在不與自願醫保的目標有所抵觸,並且不得削減保單持有人在同一保單下就認可產品可獲得的保障就可以加入一般以及長期保險產品",D,"根據認可產品簽發的保單,可以附帶或附加於其他保險產品,惟食 局不會將這些其他保險產品視為認可產品的一部分。此外,這些其他保險產品的保單條款及細則不得與自願醫保的目標有所抵觸,並 且不得削減保單持有人在同一保單下就認可產品可獲得的保障。"
397,"擬定投保書中的問題時,會選擇以下哪項作為根據?",投保人的詳情,投保人的保險經歷,投保人的損失及索償經歷,以上全部各項,D,"幾乎所有的投保書都有一些共同特點,包括: 1. 投保人的詳情:諸如姓名、地址及職業 2.損失/索償經歷 3. 保險經歷"
398,"投保書是一項重要工具,讓被保險人提供重要事實,同時有助被保險人履行什麼責任?",代位權,近因,可保權益,最高誠信,D,"投保書是一項重要工具,讓被保險人提供重要事實,同時有助被保險人履行最高誠信責任。"
399,"以下哪項或哪些資料屬於投買汽車保險時的重要範圍? i. 投保人的詳細資料,例如:姓名、地址 ii. 投保人的職業 iii. 投保人的年齡 iv. 投保人的損失/索償經歷","i, ii, iii","i, ii, iv","ii, iii, iv","i, ii, iii, iv",D,"所有各項都是投買汽車保險時的重要範圍,"
400,"投保書是一種工具,投保人可利用這文件提交投保風險的詳細介紹,當中的態度必須符合以下哪項保險原則?",可保權益,最高誠信,近因,代位權,B,"當中的態度必須符合最高誠信,"
401,以下哪項不是投保書的主體問題?,投保人的姓名,投保人的地址,投保人的年齡,投保人過往的索償經驗,C,"幾乎所有的投保書都有一些共同特點,包括: 1. 投保人的詳情:諸如姓名、地址及職業 2. 損失/索償經歷"
402,"要得到被保人的資料,保險人可以從何得到?",投保書,檢驗人的專業評估,醫療人員的醫療報告,以上所有各項,D,"承保人可以透過很多方法和渠道,獲取所投保風險的重要事實的詳情。這些包括: - 投保書 - 專業協助:這包括醫療問題(不是一般保險通常要求的),以及各類技術專家的風險檢驗和報告 - 風險檢驗"
403,以下哪項有關投保書的描述是正確的?,空白表格一般不算為保險人向客人作出的合約要約,有時是唯一的資料來源,由保險中介人設計及印刷,以上所有各項,B,"某些業務類別(大多數是個人險種,例如私家車)的投保書,基本上是核保資料的唯一來源。空白表格一般視為保險人向客人作出的合約要約。投保書屬於保險公司的印刷文件。"
404,"以下哪項一般保險業務,填妥的投保書是唯一的資料來源?",火險,盜竊險,汽車保險(私家車),公眾責任,C,"某些業務類別(大多數是個人險種,例如私家車)的投保書,基本上是核保所需資料的唯一來源。"
405,"在投保中,保險人的報價:",立刻受到約束,永不受到約束,"可能受到限制,亦有可能不受到約束","只是一項「協商邀請」,所以不會受到約束",C,"如果保險人不願意被報價正式地約束,他應當適當地表示,例如註明有關報價只作參考用途(或說明類似的限制),或附加某些其他的條件(例如此報價只適用於足以令保險人感覺滿意的投保)。"
406,以下哪項或哪些有關保險報價的說明是正確的?,它必須以書面形式呈現,它可以涉及有關保費及(或)合約條款,"在法律上,要求一項報價可視為一項合約的要約",以上各項皆是,B,"報價可以是書面或口頭的。 報價可以只涉及設想中的保費,或同時提及其他的合約條款。 報價可能被視為可供承約的要約行為。"
407,下列哪項有關報價的描述是不正確的?,它必須是書面,它涉及保費及合約條款,在法律上代表保險人發出的一項正式要約,它可以作為報價或參考用途,A,"報價可以是書面或口頭的,"
408,以下哪項或哪些關於一般保險報價的陳述不正確?,必須用書面形式出現,可以涉及保費和/或合約條款,"法律上,報價被視為一份合約的要約",以上各項皆不正確,A,"報價可以是書面或口頭的,"
409,"由客人查詢,經保險公司以書面發出但並不代表實際保費的稱為?",報價,建議書,投保單,保單,A,"如果投保人只是詢問條款,其本人或其代表可在完成的投保書上註明「僅作報價用途」之類的字眼。"
410,以下哪項或哪些對一般保險的投保書描述是正確的?,"它們對問題的回答永遠不是保證,只是陳述",它們的資料對合約的基礎非常重要,"它們對問題的回答有充足的資料,保險人不需要再查詢其他問題",以上所有各項,B,"投保書上提供的資料是承保人可用於核保決定的主要(有時也是唯一的)資料。幾乎所有一般保險的投保書均包含一項聲明,內容是所提供的資料將成為將要訂立的合約的基礎。"
411,"一般保險來說,除投保書外,還須提供一些額外資料(如專家報告),這些文件:",不會構成投保書的一部份,須由投保人提供及支付相關費用,"只是例行公事,對風險評估沒有幫助","構成投保書的一部份,須知會投保人",D,"任何專家的報告或其他文件必須視為投保書的一部分,這個事實應該讓投保人加以註意。"
412,以下哪項對於投保書的描述是正確的?,"屬於臨時性文件,可在簽發保單時棄掉",對於大部份的業務類別來說不十分重要,只在強制性業務類別中屬於重要,是保單的基準,D,"由於已完成的投保書對合約而言擔當著重要的角色,所以它不應被視為暫時性的文件。 投保書上提供的資料是承保人可用於核保決定的主要(有時也是唯一的)資料。幾乎所有一般保險的投保書均包含一項聲明,內容是所提供的資料將成為將要訂立的合約的基礎。"
413,"對一般保險的業務來說,除了投保書,還有額外的文件(如專家報告),這文件:",不構成投保書的一部份,"屬例行公事,對保單的風險評估並無作用",通常由投保人提供及支付有關費用,"構成投保書的一部份,必須先知會投保人",D,"任何專家的報告或其他文件必須視為投保書的一部分,這個事實應該讓投保人加以註意。"
414,以下哪項關於投保書的描述是不正確的?,"保單一經批核,便不需要保存投保書",有時可能是核保的唯一資料來源,專家的報告被視為投保書的輔助文件,保障的資料及聲明是合約的基礎,A,"由於已完成的投保書對合約而言擔當著重要的角色,所以它不應被視為暫時性的文件。"
415,簽發的投保書交給被保險人後:,保單便具有約束力,"投保書的作用便完成,可以棄置",保險人不可再索取進一步資料,"保險人應好好保存,供日後作參考之用",D,"由於已完成的投保書對合約而言擔當著重要的角色,所以它不應被視為暫時性的文件。"
416,"購買不足額的保險會引致應用比例分攤的原則,即:",賠償未繳交的保費,賠償保額,按損失比例減低賠償,兩份保單同時作出賠償,C,"比例分攤這項條文規定在損失發生後對保額不足的情況加以懲罰,"
417,以下哪一種保險通常不會簽發保險憑證?,火險,旅遊險,汽車保險,海上貨物保險(在總保單下),A,"保險憑證可以具有不同的作用。當應用於旅遊及海上貨物保險時,可在總保險單下作為保障範圍的摘 要而發出。它的作用和暫保單差不多。與暫保單的情況不同,之後不會再有一份獨立的保單,除非是 汽車險。"
418,下列哪項是向被保險人確認保險已經存在的證明文件?,暫保單,保險單,保險憑證,投保書,A,暫保單的主要目的是向被保險人書面證明有關保險如所述般存在。
419,以下哪項關於一般保險保單的說明是不正確的?,它通常用以證明合約的存在,"嚴格來說,就算沒有保險單,保險合約依然存在",取代有關保險之前簽發的暫保單,是暫保單的另外一個名稱,D,"暫保單被視為暫時性的保單,會被最終的保單文件所取代。"
420,保險單是:,保險合約的可見證據,保險的真正合約,必定屬於簡式合約,以上所有各項都符合,A,保險單(或稱保單)是無形的保險合約的有形證據——一項最正式、最常用的證據。
421,以下哪項對保險單的描述是正確的?,它是以黨印形式簽發的,它一經簽發便不可取消,它是保險合約的證據,以上所有各項,C,保險單(或稱保單)是無形的保險合約的有形證據——一項最正式、最常用的證據。
422,已簽發的保險單:,會取代暫保單,可結合其他附加文件(投保書)成為整體合約的一部份,會被視為合約的證據,以上所有各項,D,"所有各項陳述都是正確的,"
423,"一般保險中,保險的證據的基本文件是:",保單,暫保單,投保單,保險憑證,A,保險單(或稱保單)是無形的保險合約的有形證據——一項最正式、最常用的證據。
424,以下哪三項有關暫保單的描述是不正確的? (i) 只會就汽車保險發出暫保 (ii) 最終會被正式保單取代 (iii) 與保險憑證發揮一樣的功能 (iv) 被保險人必需繳付保費的按金,"(i), (ii), (iii)","(i), (ii)、(iv)",(i)、(iii)、(iv),"(ii), (iii), (iv)",C,"暫保單是一份暫時性的文件,最終會被保單取代。"
425,以下哪項對暫保單的描述是正確的?,"暫保單是暫時性的文件,會被保單取代",它與保單憑證的性質完全相同,它視乎投保書的資料是否足夠,以上所有各項,A,"暫保單是一份暫時性的文件,最終會被保單取代。"
426,"某些一般保險的保單,在保單取消後需要取回保險憑證。這是以下哪一類?",汽車保險,旅遊保險,海上貨物保險,公眾責任保險,A,"在汽車保險中,一旦保險被取消,保險人必須索回保險憑證,這足以顯示保險憑證在法律上的重要性。"
427,以下哪項是暫保單的正確描述? (i) 它是向被保險人確認已經存在的證明文件 (ii) 它是一份永久性的文件而獨立於保單 (iii) 暫保單發出前不可收取保費 (iv) 它是一份暫時性的文件提供了暫時性的保障,(i)、(ii),(i) (iii),(i)、(iv),(ii)、(iii),C,"暫保單是一份暫時性的文件,它實際上構成一份暫時性保單。顧名思義,它的確是提供保險保障。其主要目的是向被保險人書面證明有關保險如所述般存在。"
428,構成一般保險合約的訂立、及形成保險人承諾的主要資料來源是:,保單,暫保單,保險憑證,填妥的投保單,D,"由於已完成的投保書對合約而言擔當著重要的角色,所以它不應被視為暫時性的文件。正由於它的重要性,一些保險人在寄發保單文件的同時,也會附上已填妥的投保書的副本,以提醒被保險人他自己 曾經提供過什麼資料,而且這些資料已成為保險人所作承諾的基礎。"
429,以下哪項關於保險憑證是正確的?,它被使用及完全取代保單文件,它提供關於保障權益的十分詳細資料,"它屬於法律上的要求,證明強制性保險的存在",以上各項皆是,C,簽發強制保險憑證的唯一原因是法例有此要求。保險憑證是強制保險的證明。
430,"一般保險中,有一種文件屬於合約期間的永久性文件,通常用以証明強制性保 險存在,這種文件稱為:",保單,暫保單,投保書,保險憑證,D,"保險憑證是一份獨立及永久文件,且是強制保險的證明。"
431,以下哪項有關保險憑證的描述是不正確的?,與暫保單是完全一樣的的文件,獨立於保單以外的永久文件,通常與強制性保險有關,沒有列明保險保障的所有範圍,A,"不像暫保單,保險憑證是一份獨立及永久文件。"
432,以下哪項保險會提供保險憑證?,海上貨物保險,旅遊保險,汽車保險,以上各項皆是,D,"所有各項都會提供保險憑證,"
433,"在一般保險中一種屬於合約期內的永久性文件,經常用於證明強制保險的存在,這種文件是:",保險憑證,保單,暫保單,投保書,A,"保險憑證是一份獨立及永久文件,且是強制保險的證明。"
434,以下哪類保險不預期發出保險憑證?,火險,汽車保險,旅遊保險,海上貨物保險(總保險單),A,"保險憑證可以具有不同的作用。當應用於旅遊及海上貨物保險時,可在總保險單下作為保障範圍的摘要而發出。與暫保單的情況不同,之後不會再有一份獨立的保單,除非是汽車險。"
435,根據一般保單條文:,保費永遠毋須於保單生效前繳付,保費必須於保單生效前繳付,保費不是保單合約的主要元素,保費可能須按保單條款於合約生效前繳付,D,"實際做法視乎保單措詞而定,有些保單嚴格規定,保險保障的有效性以收到保費為先決條件。"
436,風險差別對待是指:,分辨承保的風險,確定保費的高低,釐定保險合約的條件,以上所有各項,B,"風險差別對待是指區分屬於同一風險類別的個別風險的特質(有好有壞),憑此來對同屬某個籠統風險類別的保費作上下的調整。"
437,"核保人有時會涉及「風險差別對待」,意思是指:",對特別風險的偏愛或偏見,只接受提供最好利益的投保,對應風險特質的好或壞而施加的獎勵或懲罰,拒絕接受特別危險的風險,C,"風險差別對待是指區分屬於同一風險類別的個別風險的特質(有好有壞),此來對同屬某個籠統風 險類別的保費作上下的調整。"
438,"將類似的風險根據其個別的特質加以區分,以增加或扣 保費,稱為風險。",估定,管理,類別,差別對待,D,"風險差別對待是指區分屬於同一風險類別的個別風險的特質(有好有壞),憑此來對同屬某個籠統風 險類別的保費作上下的調整。"
439,"計算保費時,很多險種在開始值得注意的包括:",基準,風險分類,差別對待,保額,B,"很多險種都是把風險歸類,而每類風險均有適用於自己的預定保險費率。"
440,"根據一般保單的嚴格用詞,保費:",永遠但須於保障生效前繳交,必須於保障生效前繳交,有時於保障生效前繳交,必須於保障生效起的三十天內繳交,C,"實際做法視乎保單措詞而定,有些保單嚴格規定,保險保障的有效性以收到保費為先決條件。"
441,"保險人在核保時,會區分屬於同一風險類別的個別風險的特質,從而對保費作出上下調整,這核保程序會:",對投保表現出偏好及不好,選擇利益好的風險,調整保費作為對不同危險的獎賞及懲罰,拒絕對商業風險的危險投保,C,"風險差別對待是指區分屬於同一風險類別的個別風險的特質(有好有壞), 此來對同屬某個籠統風險類別的保費作上下的調整。"
442,以下哪項關於一般保險的保費支付的重要性的說明是不正確的?,這是屬於非法行為,該保險代理可收取雙倍佣金,"這不視作已交付保費,直至保險公司收到該保險代理的款項",在法律上視作已支付保費予保險公司,A,在《保險公司條例》中規定了保險人須在訂明情況下就其獲委任保險代理人的行為承擔轉承責任的條文。
443,"保費通常在保單生效前繳付,但如保險人慣性設有信貸安排,即使保費仍未繳交,有關的合約仍可有效。這原則叫:",通融,最高誠信,不容反悔,寬限期,C,"如果保險人曾經毫不猶疑地收取過遲交的保費,他可能會被當作已經為日後準時支付保費的要求作出寬免。如果被保險人想另外引用不容反悔原則,便須證明曾經倚賴寬免的陳述或行為。"
444,"一般保險中,當保費繳交予中介人時:",在法律下是不正確的,代理人可獲雙倍佣金,"還未算繳交,直至保費繳交至保險人",在法律下相等於已繳予保險人,D,"向一名保險中介人支付保費會否構成向有關保險人付款,這要視乎該款項是根據誰的授權收或付的。"
445,"在核保的過程,人壽保險及一般保險的基本分別在於:",人壽保險核保屬於「一次過」事件,一般保險核保屬於「一次過」事件,一般保險只涉及實質危險,一般保險通常涉及較低的保額,A,"有別於人壽保險,一般保險的風險評估是一個持續的、或最低限度是可重複的過程。"
446,"汽車保險與僱員補償保險的保費都繳納徵費,徵費將分配給:",僱員補償保障計劃,僱員補償條例,僱員補償援助計劃,僱員補償保險局,C,"僱員補償援助計劃是根據《僱員補償援助條例》(第365章)設立的,旨在支付無法從相關僱主或保 險人那裏得到應有的因工傷亡補償和損害賠償的受傷僱員本人或身故僱員的家人。僱員補償援助基金 由對僱員補償保險費的徵款提供资金,目前的徵款率為5.8%。"
447,香港汽車保險局是在強制性汽車保險不存在時支持貫徹這類保險的原意。以下哪項是僱員補償保險與強制性汽車保險的目的相同?,香港保險業聯會,僱主責任援助計劃,僱員補償保險局,僱員補償援助計劃,D,"僱員補償援助計劃是根據《僱員補償援助條例》(第365章)設立的,旨在支付無法從相關僱主或保險人那裏得到應有的因工傷亡補償和損害賠償的受傷僱員本人或身故僱員的家人。僱員補償援助基金 由對僱員補償保險費的徵款提供資金,目前的徵款率為5.8%。"
448,香港汽車保險局在汽車保單加設的保費徵費是為了保障:,汽車上的財產損毀,汽車造成的財產損毀,意外導致死亡或受傷的人,被保險汽車的乘客,C,香港汽車保險局的首要目的是確保傷者及/或其受養者就他人在路上使用汽車引起死亡或受傷結果招致法律責任而提出的索償得以賠付。
449,"於汽車保險中,為了保障無償債能力的汽車保險人,香港汽車保險局從汽車保單加設保費徵費。以下哪項描述是正確?",汽車保費之1%,汽車保費之3%,於1998己撤銷有關徵費,有關的徵費會存放於沒有能力償債之保險人,A,"汽車保險局的經費來自針對保險人簽發的所有汽車保單收取的保費繳款,徵款額為汽車保費的3%。徵款不屬於保險人所有,必須轉交給汽車保險局。"
450,對一般保險徵收附加費的機構或計劃包括香港汽車保險局及:,僱員補償保障計劃,僱員補償條例,僱員補償援助計劃,僱員補償保險局,C,"僱員補償援助計劃是根據《僱員補償援助條例》(第365章)設立的,旨在支付無法從相關僱主或保險人那裏得到應有的因工傷亡補償和損害賠償的受傷僱員本人或身故僱員的家人。僱員補償援助基金 由對僱員補償保險費的徵款提供資金,目前的微款率為5.8%。"
451,"為了補償遇上相關的汽車保險人無償付能力,而未能獲得賠償的某些汽車意外受害人,這些經費由何而來?",政府資助,保險投訴局,香港保險業聯會,汽車保險局的保費徵款,D,"汽車保險局的經費來自針對保險人簽發的所有汽車保單收取的保費微款,微款額為汽車保費的3%。徵款不屬於保險人所有,必須轉交給汽車保險局。"
452,一般保單的保單措詞:,沒有規定,全部都有規定,只是人身意外有所規定,只是強制保險有所規定,A,"在香港,保單措詞不受規管,保險人因此可以自由地設計和出售自己的產品。"
453,在普通法中一般保險保單措詞:,是不受規管的,受政府規管及規定,人身意外保單才受規管,強制保單才受規管,A,"在香港,保單措詞不受規管,保險人因此可以自由地設計和出售自己的產品。"
454,"在一般保險保單中,履行條款說明了怎樣可以得到保障的情況,這條款又稱為:",簽證條款,敘文條款,保單條件,承保條款,D,"履行條款表明在什麼情況下承保的承諾將得以履行(因此,有時也被稱為承保條款。"
455,提供保險合約證明的基本文件是:,保單,保險憑證,暫保單,投保書,A,保險單(或稱保單)是無形的保險合約的有形證據——一項最正式、最常用的證據。
456,以下哪項資料是會包括於承保表當中?,總保費,合約各方的名稱,保單的責任範圍,以上所有各項,B,"承保表包含了合約各方的名稱,"
457,一般保險上某些保單限制稱為:,敘文條款,履行條款,見證條款,保單條件,D,"簡單的說,保單條件是多項用來規限保險合約的印刷條文。"
458,以下哪項不會包含於承保表中?,被保人的姓名、地址及年齡,仲裁條款,保額,保險標的的描述,B,"承保表不包含仲裁條款,"
459,"承保表式的保單格式的敘文條款,較可能包含:",被保險人的姓名及地址,被保險標的物的完整描述,對投保書及聲明的介紹,以上各項皆是,C,"敘文條款會提述投保書及聲明,視它們為合約的一部分,及合約的基礎。選項A和B是承保表的內容。"
460,"如果承保人在保單上加上特殊條款(例如:一個承保自負額),哪部份會對此有所提及?",保單承保表,履行條款,保單條件,通用除外責任,B,履行條款可能列出適用於該部分的任何自負額/免賠額(或者在承保表中提及和出現)。
461,承保表式保單中的通用除外責任是指:,適用於整份合約的除外責任,除外責任,附帶條件,以上各項皆是,D,"通用除外責任指此類除外責任適用於整個合約(即保單的每個部分)。「通用除外責任」這個標題在保單中明確可見,不過還可以另外使用「除外責任」或(較少用的)「附帶條件」等兩個名稱。"
462,在本港非海上保險的保單條件?,屬印刊條文,是法定的,是隱含的,"不同保險人的保險,都是相同的",A,"簡單的說,保單條件是多項用來規限保險合約的印刷條文。"
463,"有些只提供給個人而不會提供給商業機構的一般保險業務類別,稱為:",個人保險業務,非公司業務,私人業務,私人保單持有者保障,A,"「淺白英語」保單多數用於個人險種,而非商業風險。"
464,"在保險條款以「用家方便」表達並非正式,一般採用「我們」、「你們」的第一或第二身寫成,以下哪個描述是正確表達方式?",時尚英語,淺白英語,較易明白的英語,現代英語,B,"「淺白英語」保單為了顯得更為「用家方便」,保單文件都用第一或第二身寫成,而不是與人無關的 第三身。因此它採用「我們」、「妳們」,而不是「本公司」或「該被保險人」等字眼。"
465,以下哪項不會包含於承保表中?,被保險人的姓名、地址及年齡,仲裁條款,保額,保險標的的描述,B,"承保表中不包含仲裁條款,"
466,"如果承保人在保單條款中附加若干條文(例如:承保單的自負額),該條文會顯示於:",保單承保表,履行條款,保單條款,通用除外責任,B,履行條款可能列出適用於該部分的任何自負額/免賠額(或者在承保表中提及和出現)。
467,承保表式保單包括以下哪些/哪項內容:,承保表,履行條款,敘文條款,以上各項皆是,D,承保表式保單包含所有各項內容。
468,"「承保表式」保單的敘文條款,相當可能包括以下哪項或哪些內容?",被保險人的姓名和地址,對投保書和聲明的介紹,保險標的的完整/詳細描述,上述所有各項,B,"敘文條款會提述投保書及聲明,視它們為合約的一部分,及合約的基礎。"
469,"在「承保表式」保單中,概述在甚麼情況下可以作出有效的索償的部份(有時會包括它本身的除外責任)稱為:",通用除外責任,保單附表,敘文條款,履行條款,D,履行條款表明在什麼情況下承保的承諾將得以履行。每個部分都可能各自有只適用於該部分的除外責任。
470,保單中會包括被保人的姓名、地址、職業及年齡等資料的部份稱為:,承保表,敘文條款,履行條款,保單條件,A,承保表包含了被保險人的詳細資料(姓名、地址、職業及年齡等)。
471,承保表式保單中的通用除外責任是指:,適用於整份合約的不保項目,又名除外責任,又名附帶條件,以上各項皆是,D,"通用除外責任意思是指此類除外責任適用於整個合約(即保單的每個部分)。 「通用除外責任」這個標題在保單中明確可見,不過還可以另外使用「除外責任」或(較少用的)「附帶條件」等兩個名稱。"
472,一般保險合約的某個部份包含了所有只是有關該合約的專屬資料。該部份是:,承保表,敘文條款,履行條款,通用除外責任,A,承保表包含了有關合約的專屬資料。
473,"在一般保險中,一份典型之「承保表」包括:",保單編號,被保險人之姓名,保險標的之描述,以上所有各項,D,"一份典型之「承保表」包括所有各項,"
474,承保表式保單中之履行條款包括:,保險條款,列出所有除外條款,代表保險人之簽署,保單之生效及結束日期,A,承保表式保單中之履行條款包括保險條款。
475,「淺白英語」適用於下列哪項保單?,個人保險保單,責任保險保單,商業性保險保單,強制性保險保單,A,"「淺白英語」保單多數用於個人險種,而非商業風險。"
476,"在保險條款中,有關「淺白英語」的新表達方式,那個描述是正確?",它們的原意是為了「用家方便」,傾向於利用「我們」或「你們」的表達方式,多數用於個人險種而非商用險種,以上各項皆是,D,"「淺白英語」保單為了顯得更為「用家方便」,保單文件都用第一或第二身寫成,而不是與人無關的第三身。因此它採用「我們」、「妳們」,而不是「本公司」或「該被保險人」等字眼。這種形式的 保單多數用於個人險種,而非商業風險。"
477,「淺白英語」方式的保單最有可能出現於:,個人性質的保險業務,責任保險保單,商業性質的保險業務,強制性保險保單,A,"「淺白英語」保單多數用於個人險種,而非商業風險。"
478,只提供個人保險而非公司保險在一般保險中稱為:,個人險種保險,私人保險,非公司保險,私人保單持有人保險,A,只提供個人保險而非公司保險在一般保險中稱為個人險種保險。
479,通用除外責任是:,適用於某個部份的有關保障,適用於整份保險合約,只適用於敘文條款的保障,只適用於履行條款的保障,B,通用除外責任的意思是指此類除外責任適用於整個合約(即保單的每個部分)。
480,保單中的哪個部份會拒絕承認保單中每個部份的保障?,履行條款,敘文條款,承保表,通用除外責任,D,通用除外責任的意思是指此類除外責任適用於整個合約(即保單的每個部分)。
481,"在一般保險中,以下哪項相當可能屬於常見的保單條件? (i) 索償以仲裁形式進行的程序 (ii) 索償的程序與權利 (iii) 取消保單的權利 (iv) 調整保費的條件","(i), (ii)","(i)、(iii), (iv)","(ii), (iii)、(iv)","(i)、(ii), (iii),(iv)",D,"所有各項都是常見的「保單條件」,"
482,"在一般保險單中,保單條件:","可以是明訂,也可以是隱含的",總是出現於保單中,總是隱含的(不會出現於保單中),於保險的保單中所有保險公司的都是一樣,A,"在一般保險單中,保單條件可以是明訂,也可以是隱含的。"
483,"在一般保險保單中,明訂條件及隱含條件的主要分別是:","明訂條件可以是口頭的,而隱含條件是以書面訂明的","明訂條件是以書面訂明的,而隱含條件是口頭的","明訂條件會在保單中訂明,而隱含條件則不需要","隱含條件會在保單中訂明,而明訂條件則不需要",C,"在一般保險保單中,明訂條件及隱含條件的主要分別是明訂條件會在保單中訂明,而隱含條件則不需要。"
484,以下哪項有關保險合約除外責任的說明是不正確?,通用除外責任適用於特定風險,通用除外責任適用於特定險種的所有保單,業界除外責任適用於幾乎所有有關市場的保險人所簽發的保單,所有除外責任必須列明於保單內,D,"即使某些除外責任沒有在保單文件中出現,但總會存在著某些由法律隱含的附帶條件(意思是,應該被視為適用於任何保險合約),例如欺詐這項除外責任。"
485,"當保費是可調整時,保單條件的提述:",要保留足夠記錄以便保費調整,保險人有責任提醒被保險人作出保費調整,"如保費沒有調整,保單便會被取消",可調整保費的保單要以蓋章發出,A,"如果保費因基於一些可變動的因素來計算(例如工資或銷售額等)而屬臨時性質,便需有項保單條件要求被保險人保留足夠的記錄,以便計算精確的保費,作為於保單期滿時調整保費之用。"
486,"在香港一般保險之中,以下哪項或哪些屬常見的保單條件?",仲裁,取消,索償,上述所有各項,D,"所有各項都是常見的「保單條件」,"
487,以下哪項對保單條件的說明是不正確的?,保單條件可以是明訂或隱含的,明訂條件比隱含條款重要,明訂條件是指實際出現在保單的條款,"隱含條件是適用的,然而不會出現在保單文件中",B,"明訂條件不一定比隱含條款重要,"
488,以下哪項保單條件的說明是不正確的?,保單條件均包括明訂的及隱含的條件,明訂的條件比隱含的條款更為重要,明訂的條件是在保單中實際出現的條款,"隱含的條件是適用的,但不會出現於保單條件中",B,"明訂的條件不一定比隱含的條款更為重要,"
489,下列哪項是香港保單上常見的保單條件?,最高誠信,仲裁,保單除外責任,可保利益,B,一些常見的「保單條件」有索償或保險金要求、仲裁和取消等。
490,"適用於保單內各個部份的保單限制,較可能出現於:",通用除外責任,敘文條款,保單附表,見證條款,A,通用除外責任是指此類除外責任適用於整個合約(即保單的每個部分)。
491,一般保單中的除外責任:,總是影響整份合約的,總是影響合約的一個部份,必須以書面明示於保單上,"大都印刊在保單上,但也可在法律上會有隱含的附帶條件",D,"除外責任可以適用於整個合約(「通用除外責任」,或對指明的保單部分所提供的保險保障設置某些限制(「部分」的除外責任)。即使上述類型的除外責任沒有在保單文件中出現,但總會存在著某些 由法律隱含的附帶條件(意思是,應該被視為適用於任何保險合約)。"
492,最高誠信及可保性這兩個保險原則是屬於哪種保單條款?,履行條款,敘文條款,隱含條款,明訂條款,C,"最高誠信及可保性屬於隱含條款,"
493,以下哪項是常見的保單條件?,仲裁,索償,取消,以上所列各項,D,一些常見的「保單條件」有: (i) 索償或保險金要求 (ii) 仲裁 (iii) 取消
494,以下哪項是形容保單除外責任的?,總是在保單每個項目中出現,總是在保單其中一個項目中出現,不會出現在保單中,以下各項皆不正確,D,"除外責任可以適用於整個合約(「通用除外責任」,或對指明的保單部分所提供的保險保障設置某些限制(「部分」的除外責任)。"
495,以下哪項是對保單的正確說明?,隱含條款及明訂條款均不適用,"隱含條款是適用的,但不會於保單中列出",明訂條款比隱含條款更為重要,隱含條款及明訂條款會於保單中列出,B,隱含條款及明訂條款均適用。 隱含條款不會於保單中列出。 明訂條款不一定比隱含條款更為重要。
496,以下哪項不是一般保險單的保單條件?,仲裁,取消,可保利益,索償,C,一些常見的「保單條件」有: (i) 索償或保險金要求 (ii) 仲裁 (iii) 取消
497,"在汽車保險中,以下哪項自負額可得到保費的扣減?",標準自負額,自願性自負額,由保險公司所訂定的自負額,以上所有各項,B,"自願自負額是被保險人自己選擇的,藉此取得扣減保費的優惠。"
498,"如果一份保單的起賠額是五百元整,對於五百元的索償,保險人需給付多少錢?",三百元,四百元,五百元,保險人無需付給此索償,C,"起賠額的功能是排除小額索償,而只就達到或超逾該起賠額(視乎所用措詞而定)的損失作出足額賠償。"
499,以下哪項是一般保險中自負額的不正確陳述?,標準自負額適用於所有同一種類保單,附加自負額是由承保人額外規定的,自願的自負額由被保險人主動提出的,所有各類型保單均可由被保險人主動提出自負額藉以減低保費,D,自負額的主要目的是為保險人排除其認為要是處理的話未免太過不經濟的小額索償。也可以用來使被 保險人分擔自身的損失。並非所有各類型保單均可由被保險人主動提出自負額藉以減低保費。
500,以下哪項有關保單起賠額是正確的?,有關數額會在每個索償個案中扣除,"以消除大額索償,支付全數小額索償",經常出現於財產保險中,以上所有都不是,C,"起賠額的功能是排除小額索償,而只就達到或超逾該起賠額(視乎所用措詞而定)的損失作出足額賠償。這種條文過去往往出現在某些財產保險中,但現在通常寧可採用自負額/免賠額。"
501,"汽車保險中保險人會對一些特定風險,要求作出自負額名為:",附加自負額,標準自負額,自願性自負額,歧視性自負額,B,標準自負額適用於所有同類的保單(例如汽車保單中的「年輕司機自負額」)。
502,"大部份的汽車保險單中,都設有「年輕駕駛人」的自負額。這種自負額稱為:",普遍自負額,標準自負額,自願自負額,個人核保自負額,B,標準自負額適用於所有同類的保單(例如汽車保單中的「年輕駕駛人」自負額)
503,"於僱員補償條例中,除非殘疾維持了至少3天以上,否則便沒有得到殘疾利 益,這是指保單條件包含了:",自負額,保單保證,免賠額,保單時間起賠額,D,"時間起賠額在下述情況中仍可能出現: (i) 有些一般保險對殘疾或喪失能力提供利益,但這種殘障或喪失能力的情形必須至少持續了某段期限之後,保險人才會給付利益,而一旦滿足了這項條件,整段喪失能力期間均獲給付保險利益。"
504,以下哪項對於免賠額的描述是正確的?,免賠額與起賠額的意思相同,任何低於免賠額的索償都得不到賠償,任何高於免賠額的索償都可以全數可獲得賠償,以上所有各項,B,「免賠額」和「自負額」這兩個術語是可互換的。損失金額中的某個訂明金額或比率(設有最低折合金額)不會獲得賠償。
505,自負額通常包括以下哪項?  (i) 標準的自負額 (ii) 附加的自負額 (iii) 核保的自負額 (iv) 自願的自負額,(i)、(ii)及(iii),(i)、(ii)及(iv),(ii)、(iii)及(iv),(i)、(ii)、(iii)及(iv),B,保單自負額可以是: (i)標準的 (ii)附加的 (iii) 自願的
506,"以下哪項自負額是承保人為抗衡不利特點而額外實施,而且投保人不會得到保費扣減?",標準自負額,附加自負額,自願自負額,核保自負額,B,"附加的自負額是由核保人額外規定的(保費不獲扣減),藉以抵消某些不利因素(例如某張「全險」保單已錄得了幾項小額索償)。"
507,"如果一份保險保單受到免賠額約束,它的意思是指:",低於免賠額的索償不會獲賠償,保險人就有關保費提供折扣,"如果不足額保險出現的話,索償的付款便會減少",以上所有各項,A,「免賠額」和「自負額」這兩個術語是可互換的。損失金額中的某個訂明金額或比率(設有最低折合金額)不會獲得賠償。
508,起賠額的意思是:,任何高於起賠額的索償可獲全數賠償,任何低於起賠額的索償都得不到賠償,希望消除小額索償,以上所有各項,D,"起賠額的功能是排除小額索償,而只就達到或超逾該起賠額(視乎所用措詞而定)的損失作出足額賠償。"
509,"如果1,000,000元保額的單獨海損的免賠額為損失的5%,當出現索償時,客人須承擔:","50,000元(對於全部損失索償)","950,000元(對於非全部損失索償)","1,000,000元(對於非全部損失索償)",0元(對於全部損失索償),D,"1,000,000 元保額的單獨海損的免賠額為損失的5%,當出現索償時,客人須承擔0 元(對於全部損失索償)。"
510,以下哪項對標準的自負額的描述是正確的?,"是保險公司額外實施的,藉此抗衡不利的特點",是被保險人取得保費扣減的手法,適用於所有同類保單(例如「年輕司機」自負額),以上所有各項,C,標準的自負額適用於所有同類的保單(例如汽車保單中的「年輕司機自負額」)。
511,"以下哪項對於保單中的條件的描述是正確的? (i) 在其他法律分科中,是屬於一種基本條款 (ii) 合約生效前的先決條件,是合約開始前必須滿足的條件 (iii) 違反合約生效後的先決條件,是會令合約變為無效 (iv) 違反責任出現前的先決條件,是會使索償變為無效","(i), (ii)","(i), (ii)、(iv)",(ii)、(iii)、(iv),"(i)、(ii), (iii), (iv)",B,"在合約法中,一個合約的條件屬於該合約的基本條款。違反責任出現前的先決條件不會毀了整個合約,但會使某索償或保險金要求變成無效。違反合約生效後的先決條件,不會令合約變為無效。"
512,以下哪項對於投保書中的陳述是不正確的?,投保書中的陳述可以是口頭的,真實的陳述只需要是實質上正確的,有關陳述必須出現於保單用詞中,以上所有各項,C,"陳述法的適用性並不取決於相關陳述出現於保單中或構成了合約條款,"
513,"當一位公正的保險人利用違反保證事項為由來拒絕一個可能有效的索償前,他會考慮所違反之事項是否與那項索償情況有任何「關係」。此「關係」意思是指:",所違反保證事項屬於蓄意造成,有牽涉欺詐成份,該項違反保證對那項索償情況有著重大意義,那違反保證事項已曾經發生過,C,"由香港保險業聯會發出以供會員遵守的《承保商專業守則》,規定保險人只可於違反保證和損失之間存在著因果關係,或違反屬欺詐行為的情況下,利用該違反作為拒賠的理由。"
514,"有一種保單條款,如它們是真實的,只需要實質上正確,這是:",陳述,保證,條件,隱含條件,A,"關於事實的陳述如屬實質上正確(即是說,如審慎的保險人會視所陳述的與實際上正確的事實之間的區別為不重要),即構成真實的陳述。"
515,"以下哪項是指被保險人作出一項絕對允諾,而涉及的允諾可以是採取或避免採 取一些行動?",條款,保證,條件,陳述,B,"在保險中(而非在合約法中), Warranty 一詞翻成「保證」,可以被視為一項被保險人對保險人所作出的、必須確實遵守的承諾。這項承諾可能是有所為或有所不為。"
516,"優良保險慣例的一般原則建議不應因違反保證而拒絕索償,除非:",索償額巨大,涉及強制性的保險索償,違反保證與索償有重要的因果關係,這並非被保險人在該單的第一次索償,C,"為了減輕保證的嚴酷程度,由香港保險業聯會發出以供會員遵守的《承保商專業守則》,規定保險人只可於違反保證和損失之間存在著因果關係,或違反屬欺詐行為的情況下,利用該違反作為拒賠的理由。"
517,以下哪項有關一般保險中的保證的描述是正確的?,"違反保證的話,保險人可以推翻保險合約",保證不必一定是明示的,保證可以是書面的、口頭的或是混合式的保證,法律規定有關保證必須存在因果關係才能依據違反保證拒絕賠付,B,"技術上,隱含保證(自動生效的、非書面的)也可以存在。 由香港保險業聯會發出以供會員遵守的《承保商專業守則》,規定保險人只可於違反保證和損失之間 存在著因果關係,或違反屬欺詐行為的情況下,利用該違反作為拒賠的理由。"
518,以下哪些有關保險保證的陳述是正確? (i) 違反保證會使保險合約變成可使無效 (ii) 違反保險的效果是自動的 (iii) 它們可以使被保險人作出某些行動(例如:設防盜警鐘) (iv) 它們可以使被保險人不得不作出某些行動(例如:實施拆卸樓宇),"(i), (ii)","(i), (iii), (iv)","(i), (ii)、(iii)","(ii), (iii), (iv)",D,"違反保證會自動產生後果。 保證可以被視為一項被保險人對保險人所作出的、必須確實遵守的承諾。這項承諾可能是有所為或有所不為。 由香港保險業聯會發出以供會員遵守的《承保商專業守則》,規定保險人只可於違反保證和損失之間 存在著因果關係,或違反屬欺詐行為的情況下,利用該違反作為拒賠的理由。"
519,以下哪項保險中的保證的陳述是正確的?,違反保證可令致保單由生效日期開始時當作無效,"保證可分為明示,隱含及標準","正常情況下,保證以明示方式出現於保單條件中",違反保證必然與損失之間存在著因果關係,B,"如果被保險人違反了保證,保單責任便會從違反日開始自動解除。 保證一般屬於明示保證。它們可能是標準的(即適用於同險種的所有保單),或由核保人根據特定風險而加施加的。技術上,隱含保證(自動生效的、非書面的)也可以存在。 違反保證不一定與損失之間存在著因果關係。"
520,"某一製品公司的火險保單保障了建築物和物件,保險人的理賠師在火災肇事現場發現了製品的殘損物,理賠師向被保險人指出禁止露天放置製品的保證。請問理賠師的發現產生了以下哪項相關問題?後果如何?","該違反與火災發生有關嗎?根據《優良保險慣例》,假若該違反和損失存在著因果關係才會引用該違反","保險人有提醒被保險人該項違反嗎?若否,保險人便不能引用該違反",該違反是故意的嗎?法律是容許疏忽性違反的,建築物有損毀嗎?該違反只適用於建築物有關的損毀,A,"由香港保險業聯會發出以供會員遵守的《承保商專業守則》,規定保險人只可於違反保證和損失之間存在著因果關係,或違反屬欺詐行為的情況下,利用該違反作為拒賠的理由。"
521,以下哪項對保險中的保證的陳述是正確的?,它不大可能以明示表達,違反保證可導致保險人推翻合約,它可以是明示保證、隱含保證或中性保證,法律規定有關保證必須存在因果關係才能依據違反保證拒絕賠付,D,"保證一般屬於明示保證。它們可能是標準的(即適用於同險種的所有保單),或由核保人根據特定風險而加施加的。技術上,隱含保證(自動生效的、非書面的)也可以存在。 由香港保險業聯會發出以供會員遵守的《承保商專業守則》,規定保險人只可於違反保證和損失之間 存在著因果關係,或違反屬欺詐行為的情況下,利用該違反作為拒賠的理由。"
522,"就香港簽發的標準火險合約而言,含有的「失實陳述條件」條文,它是屬於:",保證,責任出現前的先決條件,合約生效前的先決條件,合約生效後的條件,C,"合約生效前的先決條件是指合約生效之前必須履行的條款,例如失實陳述條件。"
523,"在人身意外保單中,通常會指明被保險人在轉職後要作出通知,若違反這些條件,保單便會變為無效。這種情況下的條件屬於:",隱含條款,合約生效前的先決條件,合約生效後的條件,責任出現前的先決條件,C,"根據合約生效後的條件條款,在人身意外保險中,保費主要是根據受保人的職業釐定的,因此受保人如果在保單有效期內轉換職業,便須按照明示的要求通知保險人,並且取得保險人的同意。"
524,"以下哪項對於合約中的條件的描述是正確的? i. 在其他法律分科中,是屬於一種基本條款 ii. 合約生效前的先決條件是合約開始前必須滿足的條件 iii. 違反合約生效後的先決條件是會令合約變為無效 iv. 違反責任出現前的 先決條件是會使索償變為無效","i, ii, iii","i, ii, iv","ii, iii, iv","i, ii, iii, iv",B,"在合約法中,一個合約的條件屬於該合約的基本條款。違反責任出現前的先決條件不會毀了整個合 約,但會使某索償或保險金要求變成無效。違反合約生效後的先決條件,不會令合約變為無效。"
525,"違反以下哪項條件會令到有關的索償無效,但保單依然有效?",合約生效前的先決條件,合約生效後的條件,責任出現前的先決條件,以上所有各項,C,"違反責任出現前的先決條件不會毀了整個合約,但會使某索償或保險金要求變成無效。"
526,"大部份一般保險單索償條件均要求儘快通知有關的索償,不符合要求會引致有關索償無效,但保單繼續有效,這個索償條件稱為:",隱含的條件,責任出現前的先決條件,合約生效前的先決條件,合約生效後的條件,B,"違反責任出現前的先決條件不會毀了整個合約,但會使某索償或保險金要求變成無效。"
527,以下哪項有關保險保證的描述是不正確的?,保證是一項絕對的承諾,"保證大多數情況是明示的,雖然隱含的情況也是可能的","技術上,違反保證可推翻保險合約",若保險人豁免違反便屬違法,D,"保證的承諾是絕對的,意思是說,如果被保險人違反了保證,保單責任便從違反日開始自動解除。保證一般是明示的。技術上,隱含保證(自動生效的、非書面的)也可以存在。由香港保險業聯會發出以供會員遵守的《承保商專業守則》,規定保險人只可於違反保證和損失之間存在著因果關係,或違反屬欺詐行為的情況下,利用該違反作為拒賠的理由。"
528,"在某種情況下,保單持有人因延誤提出索償,而令致保險公司提出拒絕該賠償,但該保單依然維持生效。這種情況引用以下哪項條件?",避免某些條件及追償條款,合約生效前的先決條件,責任出現前的先決條件,合約生效後的條件,C,"違反責任出現前的先決條件不會毀了整個合約,但會使某索償或保險金要求變成無效。"
529,"在一般保險中,業界除外責任包括有:",核風險,輻射風險,戰爭風險,以上所有各項,D,"業界除外責任包括所有各項,"
530,香港簽發的一般保單的「除外責任」:,它總是影響保單的所有部份,它總是影響保單的一個部份,它總是在保單中明示的,它可以是根據法律而隱含的,D,"除外責任可以適用於整個合約「通用除外責任」,或僅從個別保單部分剔除部分保險保障「部分的除 外責任」。即使除外責任沒有在保單文件中出現,但總會存在著某些由法律隱含的附帶條件(意思是,應該被視為適用於任何保險合約),例如欺詐這項除外責任。"
531,"在保單條款內的除外責任有三種,以下哪項的陳述是正確的?",通用除外責任是適用於某類別的所有保單的除外責任,特定除外責任是承保人按個別風險所設定的除外責任,業界除外責任是市場中幾乎所有保險人都採用的除外責任,以上所有各項,D,"所有各項陳述都是正確的,"
532,除外責任的種類包括:,通用除外責任,特定除外責任,業界除外責任,以上所有各項,D,除外責任有以下幾個種類:通用、特定及業界除外責任。
533,以下哪項對於公共政策的概念是正確的?,屬於非書面條件,違反公眾利益的保單會得不到保障,違反公眾利益的索償是無效的,以上所有各項,D,"所有各項陳述都是正確的,"
534,以下哪項有關「公共政策」概念的陳述是不正確的?,它是指只對政府風險提供保障,在指明的情況下有關的保險不應有效,"在指明的情況下,社會表明保險不應對該情況提供保障",以上所有各項,A,"公共政策是指有時,法院不容許作某些事情,理由是它們有違公共政策。在保險方面而言,這意味著社會(透過法官的判決)傳達了一個訊息,表明在某些情況下,應該撇開特定保險的合約方的共同意圖而不為他們執行該合約或當中某些條文。"
535,"除了明示的除外責任,保險合約還受到若干非書面的限制,這種限制是基於普通法的法律原則,一些違反社會標準的合約不應該被執行,這稱為:",公共政策,道德標準責任,特定除外責任,通用除外責任,A,"公共政策是指有時,法院不容許作某些事情,理由是它們有違公共政策。在保險方面而言,這意味著社會(透過法官的判決)傳達了一個訊息,表明在某些情況下,應該撇開特定保險的合約方的共同意圖而不為他們執行該合約或當中某些條文。"
536,以下哪項是汽車保險中標準的除外責任?,賽車,速度測試,汽車貿易,以上所有各項,D,"私家車保險意圖承保的是為商業或遊樂目的的正常使用,所以用於賽車、速度測試及汽車貿易的使用就屬於標準的除外責任。"
537,以下哪項是有關「失效」保單的正確描述?,沒有續保的保單,由保險人取消的保單,由被保險人取消的保單,已由新單取代的舊保單,A,"如果保險人不向被保險人提醒續保日期渐近,被保險人也沒有採取任何行動,那麼保單就會在期滿時失效。"
538,一般保險的續保是:,非強制性的,對於汽車保險是屬於強制性的,對於長期協議是屬於強制性的,所有保單都是強制性,A,"通常,保險人和被保險人均無續保,或接受特定條件的義務。續保所採用的確切條款是可以討論和商議的,而要約和承約也屬相關考慮。"
539,以下哪項屬保單失效而不是取消保單?,保單已經由保險人終止,保單的保障期滿並沒有續保,保險合約在到期日之前已被終止,"保險人被清盤,保單被迫取消",B,"如果保險人沒有向被保險人提醒續保日期渐近,被保險人也沒有採取任何行動,那麼保單就會在期滿時失效。 如果保單沒有續保,這不應稱為取消。取消總是指在保單期滿前中止保障。"
540,以下哪項關於「續保」描述是正確的?,保險人及客戶均無義務必需續約,保單到期日自動續保,保險人於保單到期日主動提醒客人續保,客人於保單到期日主動提醒保險人續保,A,"通常,保險人和被保險人均無續保,或接受特定條件的義務。如果保險人沒有向被保險人提醒續保日期漸近,被保險人也沒有採取任何行動,那麼保單就會在期滿時失效。"
541,"一般保險單通常為期十二個月,若合約雙方對條件不滿而沒有於十二個月後續保,這情況稱為:",取消合約,終止合約,失效合約,不續保合約,C,"如果保險人不加以提醒,被保險人也沒有採取任何行動,那麼保單就會在期滿時失效。 如果保單沒有續保,這不應稱為取消。取消總是指在保單期滿前中止保障。"
542,以下哪項有關續保的說明是不正確的?,續保保單被視為一項新的合約,續保後保單條件必定不變,沒有續保的合約視為失效合約,保險人並不一定接納續保,B,"即使仍使用同一張保單,續保構成了一個新的合約。這對可保性及條款提供了一個核保檢討的機會(如要續保,該等條款當然必須得到被保險人的同意)。"
543,以下哪項有關取消一份一般保險合約的陳述是正確的?,法律賦予雙方取消的權利,無人有自動權利去取消任何合約,總是給予保險人取消的權利,"總是給予雙方取消的權力,只要作出十四天通知便可取消",B,"沒有人自動有權取消(或註銷)包括保險合約在內的任何合約。在某些情況下,法律容許或要求中止某個合約。在其他情況下,除非合約條款明確地允許單方面於期滿前取消合約,否則須經合約意雙方同意方可。"
544,以下哪項對取消條款的描述是正確的?,它總是賦予保險人及被保險人雙方的一項權利,"這條款並不必須,因普通法已有聲明",所有一般保險均附有此條款,"如保險人提出取消,須按比例退回保費",D,"取消條款(如存在的話)總是允許保險人中止保險合約,但必須以規定方式通知被保險人(比如7天前以掛號郵件方式,送交被保險人的最後為人所知的地址),並按比例退保費。 沒有人自動有權取消(或註銷)包括保險合約在內的任何合約。在某些情況下,法律容許或要求中止某個合約。在其他情況下,除非合約條款明確地允許單方面 於期滿前取消合約,否則須經合約雙方同意方可。 在實務中,大多數一般保險單都設有取消條款。"
545,"在保險公司取消保單的情況下,保險公司通常:",按比例退回應繳保費,退回全部保費,退回短期保費,沒有保費退回,A,"取消條款(如存在的話)總是允許保險人中止保險合約,但必須以規定方式通知被保險人(比如7天 前以掛號郵件方式,送交被保險人的最後為人所知的地址),並按比例退保費。"
546,"一份以標準條款簽發的人身意外保險,取消是:",違法的,法律禁止的,保單條款禁止的,可能的,D,"在實務中,大多數一般保險單都設有取消條款(或取消條件)。保險人和被保險人均具有取消權。"
547,以下哪項有關一般保險保單的取消條件是正確的?,不能使用於強制性保險中,總是賦予雙方取消的權力,"是不必要的,因為取消的權力存在於普通法中","若保險人取消保單,通常按比例退還保費",D,"取消條款(如存在的話)總是允許保險人中止保險合約,但必須以規定方式通知被保險人(比如7天前以掛號郵件方式,送交被保險人的最後為人所知的地址),並按比例退保費。"
548,於通常取消條款下:,保險人有權取消保單,"很多情況下,被保險人有權取消保單","如保單被取消,可退還部份保費",以上各項皆正確,D,"所有各項陳述都是正確的,"
549,"根據取消條款,以下哪項描述是正確的?",保險人和被保險人均有權取消保單,"若保險人取消保單,會退回短期保費","若被保人取消保單,會按比例返回有關保費",以上所有各項,A,"保險人和被保險人均具有取消權。若保險人取消保單,會按比例退保費。若被保人取消保單,所得退款或是短期保費退款,或是比例保費退款,視乎保單措辭而定。"
550,"客人買了一份保單,在保障生效後90日保費後取消,保費為每年$20,000。如 果有取消條款並且按比例退款,保險公司應該要退回多保費給客人?","$1,506.85 ","$4,931.51 ","$15,068.49 ","$49,315.10 ",C,"每年保費為$20000已經過了90日因此已經使用的保費是 $20000*90/365=$4931.51 由於已經交了保費$20000而使用了$4931.51,因此該退還的保費為$15068.49."
551,短期保費退款通常適用於:,保單失效,保險人取消合約,被保險人取消合約,保險人清盤,C,"取消條款通常也允許被保險人取消保險合約,所須手續是發出立即生效或比如7天的取消通知書,所得退款或是短期保費退款,或是比例保費退款,視乎保單措辭而定。"
552,以下哪項屬於處理賠償時的不正確態度?,應避免不合理的拖延,"當出現欺詐成分時,便應於初期拒絕賠償",避免對保單作出不合理解釋,"確認責任後,便應盡快支付賠償",B,"對被保險人的欺詐行為或以被保險人名義進行的欺詐行為,無論保單是否提及這種行為,欺詐(不論任何形式)都會令保險索償或保險金要求無效,當然這也構成廢除有關合約的理由。"
553,"在受賠償處理中,哪種不是正確的處理方法?",應避免不必要的拖延,"出現欺騙成份時,應於初期拒絕賠償",應避免對保單作出不合理的解釋,認定責任後應立即賠款,B,"對被保險人的欺詐行為或以被保險人名義進行的欺詐行為,無論保單是否提及這種行為,欺詐(不論任何形式)都會令保險索償或保險金要求無效,當然這也構成廢除有關合約的理由。"
554,"在優良保險手法中,以下哪些是無效索償的不正確描述? i. 保險人對於這些索償需使用科學手法 ii. 無論任何情況,不應拒絕索償 iii. 保險人拒絕索償的話,應該給予充分的解釋  iv. 只能跟據香港保險業聯會發出的處理投訴的指引拒賠","i, ii, iii",iii iv,"i, iii, iv","ii, iii, iv",B,"拒絕給付賠償金或保險金是一件嚴重的事情。很多保險人在由香港保險業聯會發出的《承保商專業守則》中,承諾如果必須拒絕賠償或支付保險金,就應該給予充分的解釋。根據排除法,"
555,"如必須拒絕一項賠償,以下哪項屬於優良的保險慣例? (i) 應該在初期拒絕所有賠償,藉此阻止瑣碎的賠償 (ii) 理賠職員不應在沒有細心考慮的情況下拒絕賠償 (iii) 一般情況下應該提供拒絕的理由 (iv) 拒絕賠償前,通常最好由保險人的高級職員作出確認",(i)、(ii),(ii)、(iii),(ii)、(iii)、(iv),(i)、(ii)、(iii)、(iv),C,"拒賠是一件嚴重的事情。優良的保險做法通常意味著永不拒賠,除非得到保險人的高級職員的批準。 作為香港保險業聯會的會員,保險人承諾根據該會發出的《承保商專業守則》,如要拒絕賠償或支付保險金,必會給予充分的解釋。"
556,"在優良保險慣例中,違反保單保證應:",可以理解為索償可被拒絕,可以理解為可以作出通融賠償,只要有關保證出現時才令索償無效,只要被保險人出現欺詐性行為才令索償無效,A,"違反保單保證會使索償無效,"
557,以下哪幾項會使索償變為無效? (i) 投保事件發生於保單有效日之後 (ii) 被保險人作出欺詐的行為 (iii) 發生的事件是屬於除外責任 (iv) 違反公共政策的索償,(i)、(ii)、(iii),(i)、(ii)、(iv),(ii)、(iii)、(iv),(i)、(ii)、(iii)、(iv),D,"所有各項都是無效索償,"
558,以下哪項是有效保險索償準則?,一項損失的發生必須是由一項受保危險導致的,有關保單必須是有效的,受保人一方不得有欺詐行為,以上所有各項,D,"所有各項都是對有效索償的要求,"
559,"以下哪項是屬於有效索償的法律要求?  (i) 導致損失的近因,必須是受保的危險 (ii) 索償是符合保單中隱含及明訂條款的要求 (iii) 當損失發生時,保單必須仍然有效 (iv) 保單不能與公共政策有所抵觸",(i)、(ii),(ii)、(iii),(i)、(iii)、(iv),(i)、(ii)、(iii)、(iv),D,"所有各項都是對有效索償的法律要求,"
560,以下哪點是符合一個有效索償的法律要求?,意外發生時保單必須有效,並不違反公共政策,符合保單內隱含及明訂條款之要求,以上全部都是,D,"所有各項都是對有效索償的法律要求,"
561,以下哪項/幾項會使索償變為無效? i. 投保事件發生於保單有效日之後 ii. 被保險人作出欺詐的行為 iii. 發生的事件是屬於除外責任 iv. 違反公共政策的索償,"i ii, iii","i ii, iv","ii, iii, iv","i ii, iii, iv",D,"所有各項都是無效索償,"
562,一個有效的索償要符合下列哪項的要求?,個別保險人,保險業,政府,以上各項皆是,D,"需要滿足所有要求,"
563,在沒有法律責任下而支付索償:,屬於違法,在技術上稱為同情賠付,在技術上稱為通融赔付,"是永不合理的,因為相當於懲罰其他保單持有人",C,"遇上未必有保單責任的個案時,或拒賠將引致艱難的情況,總可考慮作出通融賠付(即不理會並無法律責任這個問題)。但是否必須先取得再保險人(如有的話)的同意總是一個相關的問題。"
564,以下哪項保險條款的改動會影響到普通法的條款?,比例分攤,代位權,分攤,以上所有各項,D,"所有各項改動都會影響到普通法的條款,"
565,索償通知上的延誤會使:,被保險人必定不能夠得到賠償,保險人不能作出相應的賠償,保險人的利益受到損害,以上所有各項,C,"延誤對事故的調查或對委派專業人員比如律師(特別是責任險索償),可能會在很大程度上損害保險 人的利益。"
566,"若被保險人延誤報告可能發生的索償,這是違反保單條款的,但有一種索償是 可能凌駕於保險人就這個理由而拒絕索償,這是:",人身意外保險,關於被保險人財產的保險,關於強制性保險保障的範圓,以上所有各項,C,"在強制性業務類別中,延遲報告意外事故不能讓保險人拒絕赔付有效的第三者索償。"
567,"保險人拒絕索償是因被保險人違反保單條款,但有一種索償是可能凌駕於拒絕索償的理由,這是:",個人意外保險,關於被保險人財產的保險,關於強制性保險保障的範圍,以上所述各項,C,"在強制性業務類別中,延遲報告意外事故不能讓保險人拒絕賠付有效的第三者索償。"
568,下列哪項或哪些保單條件有別於普通法的觀點?,代位權,分擔,比例分攤,以上各項皆是,D,"所有各項都有別於普通法的觀點,"
569,"在「比例分攤保障」中,如果保額為一千萬,而在火災損毀的實際價值為二千萬,那麼,一千二百萬的損毀金額,賠償應為:",六百萬,一千萬,一千二百萬,零元(有關索償因極度不足保額而告無效),A,"除非另有協定,否則保險人必須以保額或責任限額(一個慣常在責任保險中採用的術語)為限,對有效索償作出十足賠償。在大部分財產保險中,一旦損失發生時存在著不足額保險,保險人便可根據比例分攤條件,按不足額投保的比例降低賠償額。"
570,"當有索償發生,以下哪項屬於受保人應負上的責任?",保存受損害財物,提供索償的數額,披露任何其他保險,以上各項皆正確,D,保單對被保險人出險後的責任所作的要求包括: (a) 對索償或保險金要求的有效性提出合理證明(包括索償或要求的金額) (b) 保存受損財物 (c) 披露任何其他保險
571,以下哪一項不屬於被保險人出現損失後保單涉及的責任要求?,提供有效索償的合理證明,披露任何與該相同損失有關的其他保險,保存作為索償物件的已損毀財物,向第三者承認責任及行使所有權力,D,"保單對被保險人出險後的責任所作的要求包括: (a) 對索償或保險金要求的有效性提出合理證明 (b) 保存受損財物 (c) 披露任何其他保險 (d) 不能連累保險人:即須避免向第三者承認法律責任,或以任何方式損害代位權。"
572,"一般保險的索償,保險人通常會要求以下的哪項文件證明?",醫療報告,收據或其他有關數額的證明,警方或其他有關當局的報告,上述所有各項,D,"所需證明文件包括所有各項,"
573,有關索償的文件費用:,只由保險人支付,只由被保險人支付,必須由保險人及被保險人支付,可以由保險人或被保險人支付,D,"提供證明文件可能是被保險人的責任,也可能是保險人的責任(包括支付所需費用)。"
574,下列哪項有關的索償開支需要被保險人支付?,喪失能力(個人意外) 索償的醫療報告,僱員補償業務有關的報告,驗屍報告,以上所有各項,A,"提出喪失能力(人身意外)的保險金要求,須出具醫療報告,所需費用由被保險人負責。"
575,以下哪三項文件可能被要求用作證明水險索償? i. 檢驗報告 ii. 警方報告 iii. 提貨單 iv. 保單正本,"i, ii iii","i, ii, iv","i iii, iv","ii, iii iv",C,"在水險索償中,文件證明十分重要。所需文件包括檢驗報告、保單正本、提貨單,或再加上其他的所有權文件。"
576,以下哪項不屬於水險索償中所需文件?,檢驗報告,保單正本,提貨單,警方報告,D,"在水險索償中,文件證明十分重要。所需文件包括檢驗報告、保單正本、提貨單,或再加上其他的所有權文件。"
577,"關於索償金額的證明文件,以下哪項陳述是不正確的?",是被保險人的責任,有關的費用是由被保險人支付的,"對於任何類型的索償,保險人會堅持取得證明文件",收據對於商業損失來說是有力的證明,C,"證明文件有多種形式。提供證明文件可能是被保險人的責任,也可能是保險人的責任(包括支付所需費用)。要求出具收據以證明商業上的損失屬於普遍和合理的做法。"
578,以下哪項醫療證據是由被保險人負責支付有關開支?,於人身意外保單中對於喪失能力的報告,與僱員補償業務有關的報告,為找出死因而安排的任何驗屍檢查報告,以上所有各項,A,"提出喪失能力(人身意外)的保險金要求,須出具醫療報告,所需費用由被保險人負責。"
579,檢驗代理人最主要的工作是:,專門處理水險索償,從事有關財產損失,專門從事責任索償,以上所有各項,A,"檢驗代理人最主要的工作是專門處理水險索償,"
580,以下哪項對於海損理算師的描述是不正確的?,他們專門從事共同海損的索償,他們對海事及不同國家的法律要有深入的認識,他們專門從事不足額保險(比例分攤)的安排,一個個案的處理時間可能長達數年,C,"海損理算師出現於水險的理賠中。更確切地說,他們專門處理損共同海損的賠案。"
581,檢驗人通常是: (i) 處理水險索償的工作 (ii) 在索償初期通常由被保險人委任 (iii) 在索償初期通常由保險人委任 (iv) 以個人或公司名義協助安排檢驗,"(i), (ii), (iii)","(i), (ii)、(iv)","(ii), (iii), (iv)","(i)、(ii), (iii), (iv)",B,"水險的檢驗人是由被保險人聘請的,並且檢驗費用至少是先由被保險人支付的。"
582,海損理算師專門從事:,共同海損的理賠,船體理賠,極為複習的貨物損失的理賠,以上各項,D,海損理算師專門處理共同海損的賠案。他們也可能參與船體損失和極為複雜的貨物損失的理賠。
583,"聘用於水險貨物索償的檢驗人,與聘用於火險索償的理賠人比較時:",檢驗人起初由保險人委任,水險的檢驗人必須由被保險人委任,無論任何時間保險人都不需要向檢驗人支付費用,理賠人由被保險人委任和支付費用,B,"水險的檢驗人是由被保險人聘請的,並且檢驗費用至少是先由被保險人支付的。"
584,以下哪項有關海損理算師的陳述是不真實的?,他們專門從事共同海損的理賠,"必須計算共同海損的開支後,才需要他們協助",他們需要認識各個不同國家的海事法律知識,共同海損理賠所涉及的處理時間一般需要數年的時間,B,"海損理算師出現於水險的理賠中。更確切地說,他們專門處理損共同海損的賠案。為共同海損進行理算工作時,深入的法律知識包括國際海事法及各國本身的法律可能是關鍵的因素。為共同海損收款和分攤,一般需時數年,而非幾個星期或幾個月。"
585,"處理水險索償的檢驗人,與火險索償中的理賠師比較時:",檢驗人往往是於初期由被保險人委任,理賠師是由被保險人委任,檢驗人的委任費用都由保險人支付,保險人無需支付檢驗人的費用,A,"水險的檢驗人與非水險的理賠師之間的最大區別在於後者通常由保險人聘請,而水險的檢驗人是由被 保險人聘請的,並且檢驗費用至少是先由被保險人支付的。"
586,哪項保險會僱用理賠代理人?,火險,水險貨物保險,僱員補償保險,營業中斷保險,B,"理賠代理人是指保險人在海上貨物保單或保險憑證上,指名獲授權商號在該保險人沒有設置辦事處的 地區,為其處理賠案。"
587,"有些保險涉及提名理賠代理人,以下哪一種是有關保險?",汽車保險,水險貨物保險,人身意外保險,僱員補償保險,B,"理賠代理人是指保險人在海上貨物保單或保險憑證上,指名獲授權商號在該保險人沒有設置辦事處的地區,為其處理賠案。"
588,以下哪項有關理賠師的描述是不正確的?,他們是由保險人請的,他們的職責是就賠償作出建議,"雖然由保險人聘請,他們卻是獨立的專家",他們的費用由香港保險業協會規管,D,"理賠師的費用及報酬可按表計算,視乎同意賠償的金額而定,另作商議也行。"
589,以下哪三項是適合「更換」結清給付方式的情況? (i) 破裂的玻璃(玻璃保險) (ii) 遭遺失的珠寶(「全險保險」) (iii) 遭盜竊的新攝影機(旅遊保險) (iv) 船隻的全損(水險),(i)、 (ii)、 (iii),"(i)(ii), (iv)","(i)、 (iii), (iv)",(ii)、 (iii)、 (iv),A,"更換是大部分財產保險單所允許的另一種可供選擇的結清方式。適合採取這種方法的情況包括: (i) 不會折舊的物品:有些物品的價值不會減少,或至少不會減少得太快;例子有珠寶、貴重手錶等; (ii) 全新或實際上全新的物品:如果這類物品(攝影機、汽車等)在剛購入後的一段合理時間內出事,承擔更換的責任是一種相對普遍的做法。"
590,仲裁條款出現於以下哪類保單?,個人意外保單,財產保單,責任保單,以上各項都是,B,仲裁條款不可能出現在責任保單(索償人通常是第三者)和人身意外保單中。
591,"若一份由保險人承擔彌償保險,結清時可以有不同的方法。這做法適合以下哪項或哪些保險?",火災保險,盜竊保險,汽車保險(本身的損毀),以上各項,D,"在沒有具體保單條款的情況下,採用除金錢以外的方式進行結清必需雙方同意。然而,在財產保險(必然是彌償保險)的保單措詞中,是容許現金以外的結清方式的,但選擇權歸保險人。"
592,"對於提供利益而非損害賠償的保單,那項是結清給付的唯一可行方法?",現金支付,直接支付維修費用,更換,恢復原狀,A,"直到目前為止,支付現金(總是使用支票或透過銀行轉賬)是一種最為普遍的結清索償或保險金要求 方式。事實上,某些情況下這是唯一的方式(例如向被保險人提供人身意外保險利益)。"
593,以下哪項適合向被保險人提供權益非損害賠償的結清方式?,支付現金,直接支付維修費用,更換,恢復原狀,A,"直到目前為止,支付現金(總是使用支票或透過銀行轉賬)是一種最為普遍的結清索償或保險金要求 方式。事實上,某些情況下這是唯一的方式(例如向被保險人提供人身意外保險利益)。"
594,以下哪項是適合以重置作為損害賠償的結清方法?,玻璃保險,全新或基本上全新的物品,不存有折舊問題的物品,以上所有各項,D,"更換是大部分財產保險單所允許的另一種可供選擇的結清方式。適合採取這種方法的情況包括: (i) 不會折舊的物品:有些物品的價值不會減少,或至少不會減少得太快;例子有珠寶、貴重手錶等; (ii) 全新或實際上全新的物品:如果這類物品(攝影機、汽車等)在剛購入後的一段合理時間內出事,承擔更換的責任是一種相對普遍的做法。"
595,以下哪項是可以形容恢復原狀這種理賠方式?,重新修建被損毀的建築物,可能是涉及火災保險的,"在某些規定的情況下,保險人可能被強制作出此安排",以上各項皆是,D,"所有各項都是有關恢復原狀的描述,"
596,以下哪項是以現金支付唯一的結清方法?,汽車損毀,個人意外,財物損失,以上各項皆是,B,某些情況下現金支付是唯一的方式(例如向被保險人提供人身意外保險利益)。
597,"財產保險中,根據保單條款,誰可選撐以現金或以其他方法結清索償?",保險人,被保險人,仲裁人和公斷人,保險中介人,A,"在財產保險(必然是彌償保險)的保單措詞中,是容許現金以外的結清方式的,但選擇權歸保險人。"
598,以下哪項結清方法是以現金支付的唯一可行方法?,汽車損毀,人身意外,財物損失,以上各項均是,B,某些情況下現金支付是唯一的方式(例如向被保險人提供人身意外保險利益)。
599,現金支付較可能是適合以下哪項結清給付形式?,個人意外保險的死亡賠償,醫療帳單開支(旅遊保險),第三者受傷的索償(汽車保險),以上所有各項,D,"直到目前為止,支付現金(總是使用支票或透過銀行轉賬)是一種最為普遍的結清索償或保險金要求方式。事實上,某些情況下這是唯一的方式(例如向被保險人提供人身意外保險利益)。"
600,以下哪類人士可決定以何種方法作出「損害賠償」?,保險代理人,保險經紀,公斷人,保險人,D,保險人有權選擇怎麼向被保險人提供彌償。
601,"在理賠的情況下,爭議雙方可委任一名獨立仲裁員,如果他們未能就一名仲裁員達成協議,雙方便需各自委任一各仲裁員,再由這些仲裁員委任以下哪一位人士在商議過程中列席?",公斷人,公證人,訴訟人,評判師,A,"爭議雙方可委任一名獨立仲裁員,如果他們未能就一名仲裁員達成協議,則爭議雙方須各自委任一名仲裁員,再由這些仲裁員委任一名公斷人。"
602,"若對理賠中的數額有所爭拗,以下哪類人士可提出仲裁?",保險人而已,被保險人而已,保險人或被保險人,保險人及被保險人均不可提出,C,"仲裁條件適用於個別賠案難以處理,產生被保險人與保險人之間的糾紛。當然,糾紛還可能出現在保 險人與第三者索償人之間,但是第三者索償人不是保險合約的其中一方,所以不受仲裁條件的約束。"
603,"由於一般保險中仲裁條款是有關金額多少的問題,若干保單沒有仲裁條款,以 下哪一項金額問題已由保險條款所釐定?",火險保單,盜竊保單,個人意外保單,以上所有各項,C,仲裁條款不可能出現在責任保單(索償人通常是第三者)和人身意外保單中。
604,"為了解決糾紛,下列哪項不是仲裁條件的特點?",對第三者沒有約束力,涉及保險人應付金額糾紛,案件不在法庭進行聽證,一般發生在責任保單,D,"仲裁對第三者沒有約束力,一般涉及保險人應付金額糾紛。雖然仲裁以正式的方式進行,然而案件不在法庭進行聽證。仲裁條件一般不會發生在責任保單。"
605,以下哪項有關仲裁的陳述是正確的? (i) 仲裁往往比移師法庭簡單 (ii) 仲裁只能判定有關的金額 (iii) 對第三者沒有約束力 (iv) 所有有關保險索償的責任都只能靠仲裁判,只有(i)、(ii),只有(iii)、(iv),只有(i)、(ii)、(iii),"(i), (ii), (iii), (iv)",C,"仲裁比起訴訟不那麼正式,其只能判定有關的金額,且對第三者沒有約束力。"
606,以下哪項並不是仲裁的法律特點?,它的形式及程序比訴訟簡單,它通常只適用於索償金額多少,它對第三者沒有約束力,它對於是否應承擔責任也適用,D,"仲裁條款通常只適用於涉及保險人應付金額的糾紛,並非有沒有責任這種問題。"
607,"有一種解決糾紛的方法,當中涉及法庭聽證和仲裁等極為正式的程序,稱為:",訴訟,糾紛,仲裁,談判,A,"有一種解決糾紛的方法,當中涉及法庭聽證和仲裁等極為正式的程序,稱為訴訟。"
608,仲裁與訴訟的分別之處在於: (i) 仲裁的程序比訴訟為簡單 (ii) 訴訟的費用必定比仲裁便宜 (iii) 仲裁中的代表不必符合法律資格 (iv) 兩者的結果對合約任何一方都具約束力,(i)、 (ii),(i)、 (iii),"(ii), (iii)",(iii)、 (iv),B,"仲裁比起訴訟不那麼正式,雖然仲裁以正式的方式進行,然而案件不在法庭進行聽證,甚至不由符合法律資格的人來代表當事人各方或決定有關事項也沒問題。"
609,以下哪項是仲裁一般保險糾紛索償的方法的特點?,形式及程序比訴訟簡單,通常只適用於數額而已,對第三者沒有約束力,以上所有各項,D,"所有各項都是解決一般保險糾紛索償的仲裁的特點,"
610,以下哪項不是仲裁(以解決火險索償糾紛)的特徵?,仲裁比在法庭訴訟簡單,通常只適用於金額多少的問題上,對第三者沒有約束力,所有索償均需要仲裁,D,"仲裁條件適用於個別賠案難以處理,產生被保險人與保險人之間的糾紛,而並非所有索償均需要仲裁。"
611,"在保險索償中之兩種元素為「責任」和「數額」,後者所表達的意思是指:",有關的保額,保險人在約束下需要給付款項的時間,保險人應給付之總額,要確定是否與「近因」原則有關,C,索償或保險金要求糾紛涉及責任(根據保單保險人是否應承擔責任?)及金額(保單應付多少錢?)等兩類問題。
612,"在一般保險中,並不是所有保險都適用於仲裁條款。以下哪項保險將適用於仲裁條款?",火險,產品責任保險,人身意外保險,以上各項皆適用於仲裁條款,A,仲裁條款不可能出現在責任保單(索償人通常是第三者)和人身意外保單中。
613,"出現於法庭聽證會上,涉及法律的過程稱之為:",仲裁,訴訟,糾紛,解決,B,"出現於法庭聽證會上,涉及法律的過程稱之為訴訟。"
614,以下哪種解決糾紛的情況屬於法庭聽證及裁決等正式的過程?,訴訟,調解,仲裁,談判,A,"仲裁比起訴訟不那麼正式,雖然仲裁以正式的方式進行,然而案件不在法庭進行聽證。"
615,以下哪項有關保險投訴局在運作方面的評論是不正確的?,投訴必須於索償日期 6個月內提出,保險人必須已對索償/爭議作出了最終決定,有關個案不得已展開法律程序或仲裁,上述所有各項,A,"投訴人須於接獲保險人發出的最終決定的6個月內,向保險投訴局作出書面投訴。"
616,以下哪項屬於保險投訴局的權力範圍可處理的個案?,失竊了值七萬五千元的手錶(家居保險),二萬五千元的醫療開支(個人意外保險),十五萬元的火災損毀(家居火災保單),以上所有各項,D,保險投訴局提供索償糾紛裁決服務的職權範圍包括投訴個案的索償金額/爭議金額不超過100 萬港元。
617,以下哪項屬於保險投訴局的職權範圈?,涉及五十五萬的意外賠償的保單,七萬五千元的家居電器賠償,二十五萬的火災賠償,以上所有各項,D,保險投訴局提供索償糾紛裁決服務的職權範圍包括投訴個案的索償金額/爭議金額不超過100 萬港 元。
618,以下哪項屬於保險投訴局可處理的範圍?,酒店的鍋爐爆炸保單,正進行仲裁或訴訟的個案,涉及五十五萬元的個人意外保單,以上所有各項,C,保險投訴局提供索償糾紛裁決服務的職權範圍包括: (1)涉案保單屬於個人保單;  (2) 投訴個案並非正在進行法律程序或仲裁; (3) 投訴個案的索償金額/爭議金額不超過100 萬港元。
619,"以下哪些索償投訴可能是保險投訴局的處理範圍? i. 正在進行仲裁的索償 ii. 裝在船外的發動器損毀(私人的遊艇保險)  iii. 酒店鍋爐的損壞(鍋爐保險) iv. 個人人身意外保險的$250,000 死亡利益(私人的人身意外保險)",i ii,i iv,"ii, iii","ii, iv",D,保險投訴局提供索償糾紛裁決服務的職權範圍包括: (1) 投訴個案並非正在進行法律程序或仲裁; (2) 涉案保單屬於個人保單: (3) 投訴個案的索償金額/爭議金額不超過100 萬港元。
620,以下哪項不是保險投訴局的特點?,賠償的最高上限為 100 萬港幣,適用於任何種類索償,"無論勝訴與否,訴訟毋須支付任何費用",只適用於保險投訴局成員的保險人,B,保險投訴局提供索償糾紛裁決服務的職權範圍包括: (1) 投訴個案的索償金額/爭議金額不超過100 萬港元; (2) 投訴個案不涉及商業、工業或第三者保險; (3) 涉案保單屬於個人保單: (4) 涉案保險人屬保險投訴局會員。
621,以下哪項不是保險投訴局的職權範圍? (i) 正在進行訴訟的投訴 (ii) 船外發動機遭盜竊(個人的私人遊艇保險) (iii) 鍋爐爆炸 (iv) 一項 25萬元的死亡索償(個人意外保險),"(i), (ii)","(i), (iii)","(ii), (iv)","(iii), (iv)",B,保險投訴局提供索償糾紛裁決服務的職權範圍包括: (1) 投訴個案並非正在進行法律程序或仲裁; (2) 涉案保單屬於個人保單: (3) 投訴個案的索償金額/爭議金額不超過100 萬港元。 題目問的是保險投訴局不接受的個案。正在進行訴訟的投訴以及鍋爐爆炸(商業保險)都屬於保險投訴局不接受的個案。
622,以下哪項是對保險投訴局處理個案的不正確描述?,投訴須於索償後6個月內提出,個案不得已經進行起訴或仲裁,保險人必須已向被保險人通知自己的最後決定,以上各項皆是,A,"保險投訴局提供索償糾紛裁決服務的職權範圍包括: (1) 投訴人須於接獲保險人發出的最終決定的六個月內,向保險投訴局作出書面投訴: (2) 投訴個案並非正在進行法律程序或仲裁; (3) 涉案保險人已對索償/爭議作出了最終決定。"
623,以下哪項對客戶服務的形容是不正確的?,"如果表現良好,它可以帶來多項正面的結果","如果表現差劣,便可能有流失客戶的結果","如果表現差劣,便可能失去中介人的支援",政府將整項問題交給業界處理,D,"香港作為重要的金融服務中心,最不想見到的情況是所提供的服務平凡或受到懷疑。惡劣的服務遲早成為保險業監管機構關註並且在必要時採取行動的對象。"
624,不良服務的負面影響為:,"可以保留客戶,增加「忠誠度」",失去中介人的支援,提升顧客推薦的「生產力」,"減少處理投訴的時間,即提升盈利能力",B,"如果保險人不重視客戶服務,對所提供的服務從不加以改進,那麼他們就會喪失保險中介人的支持。"
625,"在客戶服務的角度中,「持續性」的意思通常是:",盈利性,員工離職,留住生意,保險中介人的支援,C,"在客戶服務的角度中,「持續性」的意思通常是留住生意。"
626,以下哪項屬於提供優良客戶服務的影響?,提升顧客忠誠度,"提升顧客生產力,向其他客大力推薦",提升盈利能力,以上各項皆正確,D,"提供優良客戶服務的正面影響包括所有各項,"
627,下列哪些/哪項最能形容保險公司的的服務方針(宣告原則)?,越來越多公司用書面形式來明確表示公司的原則及業務方針,"很多香港公司已經公開並印製服務方針,這種做法將越來越普遍","公司在設計宣告原則時,當然都有自己的表達方法",以上所有各項,D,"越來越多的公司認識到,書面說明公司的原則及經營手法,實際上具有非常重要的作用。很多香港公司已經製作了這些公開的宣告。幾乎可以肯定,這種做法將越來越普遍。每家公司在設計這些文件 時,當然都有自己的表達風格和內容。"
628,下列哪項是預期服務標準的公開宣言?,保險人作出的承諾,顧客義務的提醒,上述兩項,上述兩項都不是,A,"保險人作出的承諾是預期服務標準的公開宣言,"
629,以下哪項不會出現在保險公司的商業標準宣告中?,一項對質素和服務的承諾,一種對效率和商業操守的保証,一種對提供最值保險產品的保証,涉及商業操守和實務方法的特定資訊,C,"保險公司的商業標準宣告中不會包括一種對提供最值保險產品的保証,"
630,"保險公司服務方針及操守守則對公司起著關鍵性的推動力,亦同時作為宣告方向的標準,這宣告的原則是",法律所要求的,每個保險人都必須制定相同的原則,每家保險公司都可以自行制定類似的原則,以上各項皆不是,C,"很多香港公司已經公開並印製了這些宣告。幾乎可以肯定,這種做法將越來越普遍。每家公司在設計這些文件時,當然都有自己的表達風格和內容。"
631,"一種對於保險人意願及服務標準的公開宣言,該聲明較可能包括:",一項對素質及服務承諾的保證,一項不會拒絕任何索償的保證,一種稱為市場提供最優惠保費的保證,涉及商業操守及實務方法的特定資訊,A,"很多香港公司已經製作了這些公開的宣告。這些都是為保險中介人及保單持有人而設立的,內容相當可能包括對素質及服務所承擔的義務。"
632,"保險人印製在業務上的客戶服務標準宣言,内容包括:",辨別顧客的需要,一種儘快提供文件的承諾,一種對所提供資料保密的保證,以上所有各項,D,"保險人印製在業務上的客戶服務標準宣言,内容包括所有各項。"
633,"對於不同的保險人來說,一套具有代表性的予以宣告的服務標準相當可能包括以下哪項或哪些?",辨別顧客的需要,一種儘快提供文件的承諾,一種對所提供資料保密的保證,以上所有各項,D,"一套具有代表性的予以宣告的服務標準相當可能包括所有各項,"
634,保險人的宣告通常包括一些對被保險人和保險中介人的提醒。這些提醒可能包括:,按時繳納保費的需要,披露資料的最高誠信要求,保險代理人受到實務守則的約束,以上所有各項,D,"政策的公開聲明相當可能提醒被保險人和保險中介人被要求履行的義務,其中包括: (1) 披露的要求:最高誠信責任； (2)支付保費:按時支付保費的義務,以及(對保險 中介人而言)任何允許的信貸安排; (3) 實務守則:保險代理人受到實務守則的約束。"
635,「透明度」是客戶服務的重要標準。這是指:,誠實地填寫政府表格,易於明白的保單條文,與客戶交易缺乏保密,保險人的操守及處事方式都公開交代,D,"「透明度」是現代社會中一個很重要的詞,其意思是指操守及做法都應公開交代,並且不論什麼時候都要符合法律及道德的規範。"
636,"針對客戶服務標準的規定及推行,需要一種好操守及開明的處理手法,描述這 種需要的慣常用語是:",誠信,透明度,問責性,榮譽,B,"「透明度」是現代社會中一個很重要的詞,其意思是指操守及做法都應公開交代,並且不論什麼時候都要符合法律及道德的規範。"
637,《持牌保險代理人操守守則》的七個部份包括: (i) 以謹慎、技巧和努力行事 (ii) 勝任提供意見 (iii) 資料披露 (iv) 意見的合適性,"(i)、 (ii), (iii)",(i)、 (ii)、 (iv),"(i), (iii), (iv)","(i)、 (ii), (iii), (iv)",D,"《持牌保險代理人操守守則》是由保險業監管局所制訂的,特別就諸如下列事宜作出指引,讓保險代理人遵守: (1) 誠實及持正; (2) 公平行事並符合客戶的最佳利益; (3) 以謹慎、技巧和努力行事; (4) 勝任提供意見: (5) 資料披露: (6) 意見的合適性; (7) 利益衝突; (8) 客戶資產;及 (9) 公司管治與管控及程序。"
638,以下哪項不屬於由保險業聯會制定的《承保商專業守則》所處理的事宜?,償付能力規定,保險代理人的管理,索償,提供建議及銷售慣例,A,償付能力的規定是《保險業條例》(第41章)對保險公司作出的嚴格要求。
639,根據《保險業條例》的相關條文而設定的《保險業(持牌保險經紀公司的財務及其他要求)規則》 涉及: (i) 資本及淨資產 (ii) 專業彌償保險 (iii) 客戶帳戶 (iv) 備存妥善的簿冊及帳目,只有(i),"(i), (ii)",(i)、 (ii)、 (iv),"(i)、 (ii), (iii), (iv)",D,根據《保險業條例》的相關條文而設定的《《保險業(持牌保險經紀公司的財務及其他要求)規則》涉及所有各項。 (i) 資本及淨資產 (ii) 專業彌償保險 (iii) 客戶帳戶 (iv) 備存妥善的簿冊及帳目 (v) 會計披露
640,以下哪項對於《承保商專業守則》的描述是不正確的?,屬於《保險業條例》的一部份,由香港保險業聯會制定,目的是發揮優良保險慣例,提供意見及銷售慣例,A,-《承保商專業守則》是由香港保險業聯會制定的; -為優良保險慣例制定標準; -《承保商專業守則》提供意見及銷售慣例。
641,由保險業監管局發出的《持牌保險代理人操守守則》是針對以下哪兩個範圍而提出的? (i) 違規行為 (ii) 洗黑錢 (iii) 公平行事並符合客戶的最佳利益 (iv) 誠實及持正,"(i), (ii)",(i)、 (iii),"(ii), (iv)","(iii), (iv)",D,"《持牌保險代理人操守守則》是由保險業監管局所制訂的,特別就諸如下列事宜作出指引,讓保險代理人遵守: (1) 誠實及持正; (2) 公平行事並符合客戶的最佳利益; (3) 以謹慎、技巧和努力行事: (4) 勝任提供意見; (5) 資料披露: (6) 意見的合適性; (7) 利益衝突; (8) 客戶資產;及 (9) 公司管治與管控及程序。"
642,以下哪項可以直接或間接地運用於客戶服務上?,個人資料(私隱) 條例,性別歧視條例,殘疾歧視條例,以上所有各項,D,"所有各項可以直接或間接地運用於更為廣義的客戶服務中,"
643,"《承保商專業守則》由香港保險業聯會制定,適用於:",個人及商業保險的保單持有人的保單,"於任何地方簽發,以個人為保單持有人的個人保單","於香港簽發,以個人為保單持有人的個人保單","於香港簽發,以個人或公司作為保單持有人的個人保單",C,"《承保商專業守則》是由香港保險業聯會制定,適用於在香港簽發,由香港居民以個人身份,只為私人用途購買的保單。"
644,以下哪項的內容是涉及提供意見及銷售慣例?,保險業條例,承保商專業守則,保險代理管理守則,標準代理合約,B,"《承保商專業守則》涉及提供意見及銷售慣例,"
645,"以下哪項刊載保險代理人及保險經紀的角色及責任,並包括定義及不適當地自 稱為其中一種中介人的處分的法定條例?",《標準代理合約》,《承保商專業守則》,《保險業條例》,《保險代理管理守則》,C,"《保險業條例》(的第X部)從法規上確定了對保險中介人所作的規定的重要性。具體涉及的事項包括了: (i) 保險代理人及保險經紀的角色及職責; (ii) 保險代理人及保險經紀的定義,以及對任何人非法自稱為其中一種保險中介人所規定的懲罰。"
646,"一些規管保險代理人在不當的行為及保費的處理上的指引,是由哪個機構所發 出?",保險業監管局,保險公司,保險代理登記委員會,香港特別行政區政府,C,"一些規管保險代理人在不當的行為及保費的處理上的持牌保險代理人操守守則,是由保險業監管局所發出。"
647,《持牌保險代理人操守守則》是保監局根據以下哪項或哪些條文來核准?,保險代理的最限度規定,《承保商專業守則》,《保險業條例》,以上各項,C,《持牌保險代理人操守守則》 是保監局根據《保險業條例》的相關條文而制定。
648,《保險業(持牌保險經紀公司的財務及其他要求)規則》是因應下列哪項條款設定的?,標準代理合約,承保商專業守則,保險業條例,保險代理管理守則,C,"保險業監管局根據《保險業條例》的相關條文而設定《保險業(持牌保險經紀公司的財務及其他要求)規則》,"
649,根據《保險業條例》以下哪項不屬於與規管保險公司有關事宜?,授權,償付能力,長期借貸回報率,以上各項皆是,C,"《保險業條例》對保險公司作出了若干嚴格的要求,當中一些關於: (i) 保險人的授權; (ii) 股本和償付能力的規定;  (iii) 控權人、董事、管控要員及獲委任精算師須屬「適當人選」;  (iv) 「足夠」的再保險。"
650,《承保商專業守則》包括優良保險慣例的部份。這部份處理以下哪類的事情?,提供建議及銷售慣例,索償,保險代理人的管理,以上所有各項,D,"守則為保險人就多個範疇提供標準,這包括: 提供建議及銷售慣例 索償 保險代理人的管理 僱員管理 保險人違規行為 查詢、投訴及糾紛"
651,保險業條例對保險人的嚴格要求不包括:,保險人的授權,股本規定,盈利指標,償付能力的規定,C,"《保險業條例》對保險公司作出了若幹嚴格的要求,當中一些關於: (i) 保險人的授權 (ii) 股本規定 (iii) 償付能力的規定"
652,"楊先生在十二個月以前因不小心駕駛罪名成立。近來他打算購入一家私人保險公司八成股份,並成為該公司的董事。這計劃有多能夠符合保險業條例的要求?",他的刑事罪名意味著他只是符合成為「非執行董事」的人選,他的刑事罪名意味著他不符合成為董事的人選,他的判罪相當可能沒有意味他不符合成為董事的人選,他的判罪只是在有監禁時才要緊,B,"《保險業條例》(第41章)對保險公司作出了若幹嚴格的要求,當中一些關於控權人、董事、管控要員及獲委任精算師須屬「適當人選」。"
653,"根據《保險業條例》,以下哪些是規定了對保險公司的嚴格要求?  (i) 保險人的股本 (ii) 保險人有足夠的再保險 (iii) 保險人的授權  (iv) 保險人的償付能力","(i), (ii), (iii)",(i)、(ii)、 (iv),"(i), (iii), (iv)","(i), (ii), (iii), (iv)",D,"《保險業條例》對保險公司作出了若幹嚴格的要求,當中一些關於: (i) 保險人的授權; (ii) 股本和償付能力的規定:  (iii) 控權人、董事、管控要員及獲委任精算師須屬「適當人選」; (iv) 「足夠」的再保險。"
654,《保險業條例》規定本港的保險人必須:,有「足夠」的再保險,購買能夠維持去年盈利的再保險,"擁有最少50%的風險,已購買再保險",擁有50%的盈利是來自再保險,A,"《保險業條例》對保險公司作出了若干嚴格的要求,當中一些關於: (i) 保險人的授權; (ii)股本和償付能力的規定; (iii) 控權人、董事、管控要員及獲委任精算師須屬「適當人選」; (iv)「足夠」的再保險。"
655,保監局發發出了《持牌保險代理人操守守則》針對以下那些範圍:,客戶資產,保險原則,支付保險代理的佣金,以上各項皆是,A,"保監局發發出了《持牌保險代理人操守守則》,針對特定的範圍包括客戶資產,"
656,以下哪個或哪些機構制定《承保商專業守則》?,保險業條例,保險業監督,香港保險業聯會,以上各項,C,"《承保商專業守則》是由香港保險業聯會制定,適用於在香港簽發,由香港居民以個人身份,只為私人用途購買的保單。"
657,以下哪些人會對保險人的顧客服務進行監察? (i) 行業組織 (ii) 保單持有人及公眾 (iii) 保險業監管機構 (iv) 保險人本身(內部監察),"(i), (ii)",(i)、 (ii)、 (iii),"(ii), (iii)、 (iv)","(i)、 (ii), (iii), (iv)",D,"在個別公司的政策陳述中所表達出的承諾都由內部審計人員監察。這裏不是說公司在此事項上有絕對 的控制,否則便會過於主觀及備受批評。履行公司承諾,或任何由行業組織或保險業監管機構施加的 責任的情況,實際上或潛在地受以下各方的監察: (a) 保單持有人及公眾: (b) 行業組織; (c) 保險業監管機構。"
658,以下哪項的內容涉及提供意見及銷售慣例?,保險業條例,承保商專業守則,保險代理管理守則,標準代理合約,B,"《承保商專業守則》涉及提供意見及銷售慣例,"
659,"根據《保險業條例》,以下哪項不屬於與規管保險公司有關事宜?",償付能力,股本 部分 (b),固定資產回報率 09,對以上各項皆有所規定,C,"《保險業條例》對保險公司作出了若幹嚴格的要求,當中一些關於: (i) 保險人的授權: (ii) 股本和償付能力的規定; (iii) 控權人、董事、管控要員及獲委任精算師須屬「適當人選」; (iv) 「足夠」的再保險。"
660,"【保險業條例」對保險公司作出了若干嚴格的要求,當中關於:",保險人的授權,股本和償付能力的規定,適當人選,以上各項皆是,D,"《保險業條例》對保險公司作出了若干嚴格的要求,當中一些關於: (i) 保險人的授權; (ii) 股本和償付能力的規定; (iii) 控權人、董事、管控要員及獲委任精算師須屬「適當人選」。"
661,"根據《承保商專業守則》,以下哪項是發揮優良保險慣例的應有標準?",保險代理人的管理,僱員管理,保險人違規行為,以上所有各項,D,"守則為保險人就多個範疇提供標準,這包括: 提供建議及銷售慣例 索償保險代理人的管理 僱員管理 保險人違規行為 查詢、投訴及糾紛"
662,以下哪項對於保險公司來說是重要的?,《持牌保險代理人操守守則》,合約法,法定的條例(保險業條例),以上所有各項,D,"所有各項於保險公司來說都是重要的,"
663,利用任何金錢利誘以增加生產力及作生意的招攬是一件極嚴重的事情。以下哪幾項描述是正確的? (i) 破壞中介人的評級 (ii) 屬於違反代理合約的理由 (iii) 在保險業條例中是不合法的 (iv) 做法近乎賄賂及貪污,(i)、 (ii)、 (iii),"(i)、 (ii), (iv)",(ii)、 (iii)、 (iv),"(i), (ii), (iii), (iv)",D,"這種行為構成賄賂和貪汙,會破壞釐定費率的基礎和為保險中介人應得報酬(傭金)而設的誠實制度。屬《標準代理合約的最低要求》所禁止的事項。"
664,「佣金回贈(回佣)」的意思是:,"進行不適當行為,所以不可取得佣金",在保單被取消的情況下退回佣金給客戶,"將自己佣金的部份給客戶,從而換取業務","告訴保險人就某份保單,不收取任何佣金",C,"回傭的意思是指,保險中介人把自己的傭金的一部分回贈給自身的客戶,因此為後者爭取「較便宜」 的保費。"
